Date;Time;Hour;CO(GT)_Cleaned;NO2(GT)
10/03/2004;18.00.00;18;2.6;113
10/03/2004;19.00.00;19;2.0;92
10/03/2004;20.00.00;20;2.2;114
10/03/2004;21.00.00;21;2.2;122
10/03/2004;22.00.00;22;1.6;116
10/03/2004;23.00.00;23;1.2;96
11/03/2004;18.00.00;18;4.8;151
11/03/2004;19.00.00;19;6.9;172
11/03/2004;20.00.00;20;6.1;165
11/03/2004;21.00.00;21;3.9;136
11/03/2004;22.00.00;22;1.5;85
11/03/2004;23.00.00;23;1.0;53
12/03/2004;18.00.00;18;3.9;149
12/03/2004;19.00.00;19;3.7;145
12/03/2004;20.00.00;20;6.6;170
12/03/2004;21.00.00;21;4.4;149
12/03/2004;22.00.00;22;3.5;139
12/03/2004;23.00.00;23;5.4;134
13/03/2004;18.00.00;18;3.2;148
13/03/2004;19.00.00;19;4.2;165
13/03/2004;20.00.00;20;4.2;161
13/03/2004;21.00.00;21;4.2;159
13/03/2004;22.00.00;22;3.1;143
13/03/2004;23.00.00;23;2.6;130
14/03/2004;18.00.00;18;2.5;121
14/03/2004;19.00.00;19;4.6;157
14/03/2004;20.00.00;20;5.9;173
14/03/2004;21.00.00;21;3.4;146
14/03/2004;22.00.00;22;2.1;121
14/03/2004;23.00.00;23;2.2;119
15/03/2004;18.00.00;18;6.1;162
15/03/2004;19.00.00;19;8.0;187
15/03/2004;20.00.00;20;6.5;165
15/03/2004;21.00.00;21;4.2;145
15/03/2004;22.00.00;22;3.2;125
15/03/2004;23.00.00;23;1.4;101
16/03/2004;18.00.00;18;3.4;139
16/03/2004;19.00.00;19;3.9;137
16/03/2004;20.00.00;20;3.2;143
16/03/2004;21.00.00;21;5.1;177
16/03/2004;22.00.00;22;2.6;138
16/03/2004;23.00.00;23;1.7;117
17/03/2004;18.00.00;18;5.0;158
17/03/2004;19.00.00;19;7.6;194
17/03/2004;20.00.00;20;6.7;182
17/03/2004;21.00.00;21;5.7;180
17/03/2004;22.00.00;22;2.8;136
17/03/2004;23.00.00;23;2.6;127
18/03/2004;18.00.00;18;3.7;156
18/03/2004;19.00.00;19;5.1;168
18/03/2004;20.00.00;20;5.1;176
18/03/2004;21.00.00;21;3.2;135
18/03/2004;22.00.00;22;2.1;121
18/03/2004;23.00.00;23;1.7;99
19/03/2004;18.00.00;18;4.1;146
19/03/2004;19.00.00;19;4.5;144
19/03/2004;20.00.00;20;3.9;138
19/03/2004;21.00.00;21;4.0;143
19/03/2004;22.00.00;22;2.2;116
19/03/2004;23.00.00;23;2.1;109
20/03/2004;18.00.00;18;2.3;110
20/03/2004;19.00.00;19;3.5;136
20/03/2004;20.00.00;20;3.9;139
20/03/2004;21.00.00;21;3.3;125
20/03/2004;22.00.00;22;2.3;111
20/03/2004;23.00.00;23;2.1;97
21/03/2004;18.00.00;18;3.8;116
21/03/2004;19.00.00;19;3.5;119
21/03/2004;20.00.00;20;4.3;144
21/03/2004;21.00.00;21;2.8;123
21/03/2004;22.00.00;22;1.9;105
21/03/2004;23.00.00;23;1.9;93
22/03/2004;18.00.00;18;3.8;129
22/03/2004;19.00.00;19;4.4;143
22/03/2004;20.00.00;20;4.5;146
22/03/2004;21.00.00;21;3.3;124
22/03/2004;22.00.00;22;2.0;113
22/03/2004;23.00.00;23;1.1;80
23/03/2004;18.00.00;18;1.9;97
23/03/2004;19.00.00;19;2.7;112
23/03/2004;20.00.00;20;3.3;128
23/03/2004;21.00.00;21;1.7;101
23/03/2004;22.00.00;22;1.3;96
23/03/2004;23.00.00;23;1.3;86
24/03/2004;18.00.00;18;2.7;111
24/03/2004;19.00.00;19;4.5;134
24/03/2004;20.00.00;20;3.5;136
24/03/2004;21.00.00;21;2.6;125
24/03/2004;22.00.00;22;1.7;108
24/03/2004;23.00.00;23;1.3;87
25/03/2004;18.00.00;18;2.9;103
25/03/2004;19.00.00;19;5.2;141
25/03/2004;20.00.00;20;4.6;133
25/03/2004;21.00.00;21;2.5;119
25/03/2004;22.00.00;22;1.5;106
25/03/2004;23.00.00;23;1.2;92
26/03/2004;18.00.00;18;2.4;105
26/03/2004;19.00.00;19;2.7;98
26/03/2004;20.00.00;20;2.6;93
26/03/2004;21.00.00;21;1.5;91
26/03/2004;22.00.00;22;1.2;85
26/03/2004;23.00.00;23;1.1;74
27/03/2004;18.00.00;18;2.7;125
27/03/2004;19.00.00;19;3.0;133
27/03/2004;20.00.00;20;2.8;119
27/03/2004;21.00.00;21;2.2;107
27/03/2004;22.00.00;22;1.6;96
27/03/2004;23.00.00;23;2.1;105
28/03/2004;18.00.00;18;1.4;86
28/03/2004;19.00.00;19;1.9;94
28/03/2004;20.00.00;20;1.8;103
28/03/2004;21.00.00;21;1.1;81
28/03/2004;22.00.00;22;1.1;80
28/03/2004;23.00.00;23;1.1;77
29/03/2004;18.00.00;18;2.5;114
29/03/2004;19.00.00;19;2.1;106
29/03/2004;20.00.00;20;1.6;99
29/03/2004;21.00.00;21;1.2;90
29/03/2004;22.00.00;22;1.1;82
29/03/2004;23.00.00;23;1.0;74
30/03/2004;18.00.00;18;2.2;101
30/03/2004;19.00.00;19;2.7;106
30/03/2004;20.00.00;20;2.4;102
30/03/2004;21.00.00;21;1.3;84
30/03/2004;22.00.00;22;1.2;81
30/03/2004;23.00.00;23;1.5;91
31/03/2004;18.00.00;18;2.8;103
31/03/2004;19.00.00;19;2.7;107
31/03/2004;20.00.00;20;2.3;105
31/03/2004;21.00.00;21;1.5;91
31/03/2004;22.00.00;22;1.4;79
31/03/2004;23.00.00;23;1.2;79
01/04/2004;18.00.00;18;4.2;132
01/04/2004;19.00.00;19;5.5;164
01/04/2004;20.00.00;20;4.9;161
01/04/2004;21.00.00;21;2.5;124
01/04/2004;22.00.00;22;2.0;113
01/04/2004;23.00.00;23;2.0;103
02/04/2004;18.00.00;18;4.5;165
02/04/2004;19.00.00;19;4.7;154
02/04/2004;20.00.00;20;5.5;168
02/04/2004;21.00.00;21;3.0;146
02/04/2004;22.00.00;22;1.9;124
02/04/2004;23.00.00;23;2.3;124
03/04/2004;18.00.00;18;;-200
03/04/2004;19.00.00;19;;-200
03/04/2004;20.00.00;20;;-200
03/04/2004;21.00.00;21;;-200
03/04/2004;22.00.00;22;;-200
03/04/2004;23.00.00;23;;-200
04/04/2004;18.00.00;18;;-200
04/04/2004;19.00.00;19;;-200
04/04/2004;20.00.00;20;;-200
04/04/2004;21.00.00;21;;-200
04/04/2004;22.00.00;22;;-200
04/04/2004;23.00.00;23;;-200
05/04/2004;18.00.00;18;4.1;132
05/04/2004;19.00.00;19;3.9;121
05/04/2004;20.00.00;20;3.1;116
05/04/2004;21.00.00;21;2.0;100
05/04/2004;22.00.00;22;1.7;89
05/04/2004;23.00.00;23;1.6;92
06/04/2004;18.00.00;18;3.0;120
06/04/2004;19.00.00;19;3.3;126
06/04/2004;20.00.00;20;3.2;126
06/04/2004;21.00.00;21;1.8;90
06/04/2004;22.00.00;22;1.3;81
06/04/2004;23.00.00;23;1.1;74
07/04/2004;18.00.00;18;3.3;121
07/04/2004;19.00.00;19;3.1;129
07/04/2004;20.00.00;20;3.3;116
07/04/2004;21.00.00;21;1.2;71
07/04/2004;22.00.00;22;1.3;85
07/04/2004;23.00.00;23;1.9;101
08/04/2004;18.00.00;18;4.6;154
08/04/2004;19.00.00;19;6.3;171
08/04/2004;20.00.00;20;4.3;136
08/04/2004;21.00.00;21;1.6;93
08/04/2004;22.00.00;22;1.4;99
08/04/2004;23.00.00;23;2.0;106
09/04/2004;18.00.00;18;2.8;127
09/04/2004;19.00.00;19;3.4;137
09/04/2004;20.00.00;20;3.0;127
09/04/2004;21.00.00;21;2.1;107
09/04/2004;22.00.00;22;2.4;102
09/04/2004;23.00.00;23;2.3;95
10/04/2004;18.00.00;18;2.0;111
10/04/2004;19.00.00;19;2.5;129
10/04/2004;20.00.00;20;2.4;133
10/04/2004;21.00.00;21;2.0;115
10/04/2004;22.00.00;22;2.9;125
10/04/2004;23.00.00;23;2.5;117
11/04/2004;18.00.00;18;1.4;80
11/04/2004;19.00.00;19;2.0;93
11/04/2004;20.00.00;20;1.1;78
11/04/2004;21.00.00;21;1.1;76
11/04/2004;22.00.00;22;1.1;74
11/04/2004;23.00.00;23;1.1;81
12/04/2004;18.00.00;18;1.3;91
12/04/2004;19.00.00;19;1.8;93
12/04/2004;20.00.00;20;1.2;82
12/04/2004;21.00.00;21;0.8;74
12/04/2004;22.00.00;22;0.8;68
12/04/2004;23.00.00;23;0.8;65
13/04/2004;18.00.00;18;4.6;134
13/04/2004;19.00.00;19;5.0;144
13/04/2004;20.00.00;20;3.5;129
13/04/2004;21.00.00;21;2.1;108
13/04/2004;22.00.00;22;2.1;104
13/04/2004;23.00.00;23;1.5;90
14/04/2004;18.00.00;18;;-200
14/04/2004;19.00.00;19;;-200
14/04/2004;20.00.00;20;;-200
14/04/2004;21.00.00;21;;-200
14/04/2004;22.00.00;22;;-200
14/04/2004;23.00.00;23;;-200
15/04/2004;18.00.00;18;5.9;149
15/04/2004;19.00.00;19;7.3;158
15/04/2004;20.00.00;20;6.1;148
15/04/2004;21.00.00;21;4.6;134
15/04/2004;22.00.00;22;2.5;111
15/04/2004;23.00.00;23;2.2;106
16/04/2004;18.00.00;18;5.2;141
16/04/2004;19.00.00;19;6.4;149
16/04/2004;20.00.00;20;6.0;140
16/04/2004;21.00.00;21;3.4;117
16/04/2004;22.00.00;22;2.7;103
16/04/2004;23.00.00;23;3.1;99
17/04/2004;18.00.00;18;;-200
17/04/2004;19.00.00;19;;-200
17/04/2004;20.00.00;20;;-200
17/04/2004;21.00.00;21;;-200
17/04/2004;22.00.00;22;;-200
17/04/2004;23.00.00;23;;-200
18/04/2004;18.00.00;18;;-200
18/04/2004;19.00.00;19;;-200
18/04/2004;20.00.00;20;;-200
18/04/2004;21.00.00;21;;-200
18/04/2004;22.00.00;22;;-200
18/04/2004;23.00.00;23;;-200
19/04/2004;18.00.00;18;;-200
19/04/2004;19.00.00;19;;-200
19/04/2004;20.00.00;20;;-200
19/04/2004;21.00.00;21;;-200
19/04/2004;22.00.00;22;;-200
19/04/2004;23.00.00;23;;-200
20/04/2004;18.00.00;18;;-200
20/04/2004;19.00.00;19;;-200
20/04/2004;20.00.00;20;;-200
20/04/2004;21.00.00;21;;-200
20/04/2004;22.00.00;22;;-200
20/04/2004;23.00.00;23;;-200
21/04/2004;18.00.00;18;;-200
21/04/2004;19.00.00;19;;-200
21/04/2004;20.00.00;20;;-200
21/04/2004;21.00.00;21;;-200
21/04/2004;22.00.00;22;;-200
21/04/2004;23.00.00;23;;-200
22/04/2004;18.00.00;18;;-200
22/04/2004;19.00.00;19;;-200
22/04/2004;20.00.00;20;;-200
22/04/2004;21.00.00;21;;-200
22/04/2004;22.00.00;22;;-200
22/04/2004;23.00.00;23;;-200
23/04/2004;18.00.00;18;4.8;164
23/04/2004;19.00.00;19;5.6;161
23/04/2004;20.00.00;20;4.6;146
23/04/2004;21.00.00;21;1.8;98
23/04/2004;22.00.00;22;2.2;108
23/04/2004;23.00.00;23;2.0;107
24/04/2004;18.00.00;18;2.8;123
24/04/2004;19.00.00;19;3.5;134
24/04/2004;20.00.00;20;3.4;126
24/04/2004;21.00.00;21;2.0;79
24/04/2004;22.00.00;22;1.1;54
24/04/2004;23.00.00;23;1.3;69
25/04/2004;18.00.00;18;1.5;83
25/04/2004;19.00.00;19;2.7;100
25/04/2004;20.00.00;20;2.5;101
25/04/2004;21.00.00;21;1.4;90
25/04/2004;22.00.00;22;2.8;93
25/04/2004;23.00.00;23;2.1;79
26/04/2004;18.00.00;18;3.2;119
26/04/2004;19.00.00;19;3.0;111
26/04/2004;20.00.00;20;2.6;109
26/04/2004;21.00.00;21;1.6;101
26/04/2004;22.00.00;22;1.5;89
26/04/2004;23.00.00;23;1.2;75
27/04/2004;18.00.00;18;3.4;127
27/04/2004;19.00.00;19;3.9;131
27/04/2004;20.00.00;20;3.6;137
27/04/2004;21.00.00;21;2.5;122
27/04/2004;22.00.00;22;1.8;100
27/04/2004;23.00.00;23;2.0;108
28/04/2004;18.00.00;18;4.8;160
28/04/2004;19.00.00;19;5.4;155
28/04/2004;20.00.00;20;5.3;162
28/04/2004;21.00.00;21;2.7;129
28/04/2004;22.00.00;22;1.4;96
28/04/2004;23.00.00;23;1.6;92
29/04/2004;18.00.00;18;5.4;145
29/04/2004;19.00.00;19;6.5;146
29/04/2004;20.00.00;20;4.3;122
29/04/2004;21.00.00;21;2.9;112
29/04/2004;22.00.00;22;2.7;102
29/04/2004;23.00.00;23;2.8;97
30/04/2004;18.00.00;18;4.2;122
30/04/2004;19.00.00;19;5.7;135
30/04/2004;20.00.00;20;4.4;133
30/04/2004;21.00.00;21;3.1;110
30/04/2004;22.00.00;22;3.0;102
30/04/2004;23.00.00;23;3.1;108
01/05/2004;18.00.00;18;2.4;104
01/05/2004;19.00.00;19;4.0;131
01/05/2004;20.00.00;20;2.8;112
01/05/2004;21.00.00;21;2.0;100
01/05/2004;22.00.00;22;3.6;115
01/05/2004;23.00.00;23;3.7;129
02/05/2004;18.00.00;18;2.3;114
02/05/2004;19.00.00;19;3.3;123
02/05/2004;20.00.00;20;2.6;108
02/05/2004;21.00.00;21;2.2;100
02/05/2004;22.00.00;22;2.3;118
02/05/2004;23.00.00;23;2.0;121
03/05/2004;18.00.00;18;4.2;130
03/05/2004;19.00.00;19;3.7;120
03/05/2004;20.00.00;20;3.2;113
03/05/2004;21.00.00;21;2.0;100
03/05/2004;22.00.00;22;1.1;70
03/05/2004;23.00.00;23;1.5;83
04/05/2004;18.00.00;18;3.9;109
04/05/2004;19.00.00;19;4.7;125
04/05/2004;20.00.00;20;5.4;132
04/05/2004;21.00.00;21;3.0;110
04/05/2004;22.00.00;22;0.9;53
04/05/2004;23.00.00;23;1.1;61
05/05/2004;18.00.00;18;3.0;103
05/05/2004;19.00.00;19;1.6;67
05/05/2004;20.00.00;20;2.1;79
05/05/2004;21.00.00;21;1.8;89
05/05/2004;22.00.00;22;1.1;67
05/05/2004;23.00.00;23;1.5;83
06/05/2004;18.00.00;18;1.8;92
06/05/2004;19.00.00;19;2.1;97
06/05/2004;20.00.00;20;2.2;98
06/05/2004;21.00.00;21;1.6;93
06/05/2004;22.00.00;22;0.9;65
06/05/2004;23.00.00;23;1.8;81
07/05/2004;18.00.00;18;4.3;133
07/05/2004;19.00.00;19;2.2;96
07/05/2004;20.00.00;20;1.5;85
07/05/2004;21.00.00;21;2.0;97
07/05/2004;22.00.00;22;2.0;97
07/05/2004;23.00.00;23;2.1;101
08/05/2004;18.00.00;18;;-200
08/05/2004;19.00.00;19;;-200
08/05/2004;20.00.00;20;;-200
08/05/2004;21.00.00;21;;-200
08/05/2004;22.00.00;22;;-200
08/05/2004;23.00.00;23;;-200
09/05/2004;18.00.00;18;;-200
09/05/2004;19.00.00;19;;-200
09/05/2004;20.00.00;20;;-200
09/05/2004;21.00.00;21;;-200
09/05/2004;22.00.00;22;;-200
09/05/2004;23.00.00;23;;-200
10/05/2004;18.00.00;18;3.6;124
10/05/2004;19.00.00;19;4.0;135
10/05/2004;20.00.00;20;3.0;122
10/05/2004;21.00.00;21;2.1;109
10/05/2004;22.00.00;22;1.7;95
10/05/2004;23.00.00;23;1.1;86
11/05/2004;18.00.00;18;4.6;140
11/05/2004;19.00.00;19;6.3;158
11/05/2004;20.00.00;20;5.0;159
11/05/2004;21.00.00;21;3.3;128
11/05/2004;22.00.00;22;2.7;114
11/05/2004;23.00.00;23;2.2;100
12/05/2004;18.00.00;18;2.9;107
12/05/2004;19.00.00;19;3.4;123
12/05/2004;20.00.00;20;2.2;112
12/05/2004;21.00.00;21;1.6;101
12/05/2004;22.00.00;22;1.3;91
12/05/2004;23.00.00;23;1.3;88
13/05/2004;18.00.00;18;4.5;148
13/05/2004;19.00.00;19;3.9;133
13/05/2004;20.00.00;20;4.6;141
13/05/2004;21.00.00;21;3.3;131
13/05/2004;22.00.00;22;2.7;121
13/05/2004;23.00.00;23;3.3;123
14/05/2004;18.00.00;18;4.1;144
14/05/2004;19.00.00;19;4.5;164
14/05/2004;20.00.00;20;3.5;148
14/05/2004;21.00.00;21;2.1;119
14/05/2004;22.00.00;22;2.3;111
14/05/2004;23.00.00;23;1.9;115
15/05/2004;18.00.00;18;2.3;117
15/05/2004;19.00.00;19;2.5;120
15/05/2004;20.00.00;20;3.3;149
15/05/2004;21.00.00;21;2.2;124
15/05/2004;22.00.00;22;1.6;97
15/05/2004;23.00.00;23;2.6;112
16/05/2004;18.00.00;18;1.8;106
16/05/2004;19.00.00;19;2.7;125
16/05/2004;20.00.00;20;2.4;118
16/05/2004;21.00.00;21;1.6;95
16/05/2004;22.00.00;22;1.4;97
16/05/2004;23.00.00;23;1.4;93
17/05/2004;18.00.00;18;3.1;121
17/05/2004;19.00.00;19;3.4;125
17/05/2004;20.00.00;20;3.0;122
17/05/2004;21.00.00;21;1.2;81
17/05/2004;22.00.00;22;1.2;73
17/05/2004;23.00.00;23;1.3;80
18/05/2004;18.00.00;18;4.4;160
18/05/2004;19.00.00;19;4.7;162
18/05/2004;20.00.00;20;3.4;135
18/05/2004;21.00.00;21;2.4;122
18/05/2004;22.00.00;22;1.2;75
18/05/2004;23.00.00;23;1.7;96
19/05/2004;18.00.00;18;4.3;162
19/05/2004;19.00.00;19;3.8;151
19/05/2004;20.00.00;20;3.8;154
19/05/2004;21.00.00;21;2.0;118
19/05/2004;22.00.00;22;1.7;103
19/05/2004;23.00.00;23;2.0;122
20/05/2004;18.00.00;18;4.1;168
20/05/2004;19.00.00;19;4.4;172
20/05/2004;20.00.00;20;4.5;179
20/05/2004;21.00.00;21;2.9;143
20/05/2004;22.00.00;22;2.6;137
20/05/2004;23.00.00;23;2.1;117
21/05/2004;18.00.00;18;3.6;155
21/05/2004;19.00.00;19;3.8;145
21/05/2004;20.00.00;20;3.5;146
21/05/2004;21.00.00;21;2.5;130
21/05/2004;22.00.00;22;2.5;126
21/05/2004;23.00.00;23;3.0;127
22/05/2004;18.00.00;18;2.8;110
22/05/2004;19.00.00;19;2.7;103
22/05/2004;20.00.00;20;1.8;90
22/05/2004;21.00.00;21;1.2;68
22/05/2004;22.00.00;22;2.6;85
22/05/2004;23.00.00;23;3.1;100
23/05/2004;18.00.00;18;1.4;91
23/05/2004;19.00.00;19;1.1;65
23/05/2004;20.00.00;20;0.9;56
23/05/2004;21.00.00;21;1.0;69
23/05/2004;22.00.00;22;1.1;73
23/05/2004;23.00.00;23;1.0;76
24/05/2004;18.00.00;18;2.4;106
24/05/2004;19.00.00;19;2.1;114
24/05/2004;20.00.00;20;1.2;96
24/05/2004;21.00.00;21;0.7;77
24/05/2004;22.00.00;22;0.7;73
24/05/2004;23.00.00;23;0.8;86
25/05/2004;18.00.00;18;;-200
25/05/2004;19.00.00;19;;-200
25/05/2004;20.00.00;20;;-200
25/05/2004;21.00.00;21;;-200
25/05/2004;22.00.00;22;;-200
25/05/2004;23.00.00;23;;-200
26/05/2004;18.00.00;18;;-200
26/05/2004;19.00.00;19;;-200
26/05/2004;20.00.00;20;;-200
26/05/2004;21.00.00;21;;-200
26/05/2004;22.00.00;22;;-200
26/05/2004;23.00.00;23;;-200
27/05/2004;18.00.00;18;;-200
27/05/2004;19.00.00;19;;-200
27/05/2004;20.00.00;20;;-200
27/05/2004;21.00.00;21;;-200
27/05/2004;22.00.00;22;;-200
27/05/2004;23.00.00;23;;-200
28/05/2004;18.00.00;18;2.2;114
28/05/2004;19.00.00;19;1.8;103
28/05/2004;20.00.00;20;1.8;119
28/05/2004;21.00.00;21;0.9;102
28/05/2004;22.00.00;22;1.0;96
28/05/2004;23.00.00;23;2.0;109
29/05/2004;18.00.00;18;0.8;83
29/05/2004;19.00.00;19;1.0;93
29/05/2004;20.00.00;20;1.2;112
29/05/2004;21.00.00;21;1.0;103
29/05/2004;22.00.00;22;1.3;93
29/05/2004;23.00.00;23;2.7;112
30/05/2004;18.00.00;18;0.9;90
30/05/2004;19.00.00;19;1.1;95
30/05/2004;20.00.00;20;1.3;113
30/05/2004;21.00.00;21;1.5;128
30/05/2004;22.00.00;22;1.2;117
30/05/2004;23.00.00;23;0.4;64
31/05/2004;18.00.00;18;3.5;161
31/05/2004;19.00.00;19;2.4;116
31/05/2004;20.00.00;20;1.1;96
31/05/2004;21.00.00;21;0.8;69
31/05/2004;22.00.00;22;0.4;58
31/05/2004;23.00.00;23;0.6;59
01/06/2004;18.00.00;18;3.5;95
01/06/2004;19.00.00;19;4.8;101
01/06/2004;20.00.00;20;3.7;88
01/06/2004;21.00.00;21;2.1;77
01/06/2004;22.00.00;22;1.6;75
01/06/2004;23.00.00;23;2.2;81
02/06/2004;18.00.00;18;;53
02/06/2004;19.00.00;19;;88
02/06/2004;20.00.00;20;;95
02/06/2004;21.00.00;21;;82
02/06/2004;22.00.00;22;;59
02/06/2004;23.00.00;23;;43
03/06/2004;18.00.00;18;;-200
03/06/2004;19.00.00;19;;-200
03/06/2004;20.00.00;20;;-200
03/06/2004;21.00.00;21;;-200
03/06/2004;22.00.00;22;;-200
03/06/2004;23.00.00;23;;-200
04/06/2004;18.00.00;18;3.3;-200
04/06/2004;19.00.00;19;3.6;-200
04/06/2004;20.00.00;20;2.9;-200
04/06/2004;21.00.00;21;1.9;-200
04/06/2004;22.00.00;22;2.0;-200
04/06/2004;23.00.00;23;2.9;-200
05/06/2004;18.00.00;18;2.3;105
05/06/2004;19.00.00;19;2.4;111
05/06/2004;20.00.00;20;1.8;102
05/06/2004;21.00.00;21;0.6;30
05/06/2004;22.00.00;22;0.8;43
05/06/2004;23.00.00;23;1.7;67
06/06/2004;18.00.00;18;1.2;72
06/06/2004;19.00.00;19;1.3;88
06/06/2004;20.00.00;20;1.6;94
06/06/2004;21.00.00;21;1.4;89
06/06/2004;22.00.00;22;1.7;96
06/06/2004;23.00.00;23;1.7;98
07/06/2004;18.00.00;18;2.8;108
07/06/2004;19.00.00;19;4.8;142
07/06/2004;20.00.00;20;2.5;125
07/06/2004;21.00.00;21;2.0;116
07/06/2004;22.00.00;22;1.8;101
07/06/2004;23.00.00;23;1.7;101
08/06/2004;18.00.00;18;3.9;161
08/06/2004;19.00.00;19;4.5;170
08/06/2004;20.00.00;20;3.8;143
08/06/2004;21.00.00;21;2.8;123
08/06/2004;22.00.00;22;1.7;89
08/06/2004;23.00.00;23;1.2;67
09/06/2004;18.00.00;18;4.9;222
09/06/2004;19.00.00;19;4.6;206
09/06/2004;20.00.00;20;3.4;162
09/06/2004;21.00.00;21;2.7;132
09/06/2004;22.00.00;22;1.9;107
09/06/2004;23.00.00;23;1.5;84
10/06/2004;18.00.00;18;4.8;206
10/06/2004;19.00.00;19;5.1;211
10/06/2004;20.00.00;20;4.7;180
10/06/2004;21.00.00;21;2.4;116
10/06/2004;22.00.00;22;2.5;118
10/06/2004;23.00.00;23;2.7;115
11/06/2004;18.00.00;18;3.2;146
11/06/2004;19.00.00;19;3.4;153
11/06/2004;20.00.00;20;3.4;158
11/06/2004;21.00.00;21;2.9;140
11/06/2004;22.00.00;22;2.7;127
11/06/2004;23.00.00;23;1.3;97
12/06/2004;18.00.00;18;1.1;61
12/06/2004;19.00.00;19;1.1;52
12/06/2004;20.00.00;20;1.1;59
12/06/2004;21.00.00;21;1.8;89
12/06/2004;22.00.00;22;2.3;113
12/06/2004;23.00.00;23;2.6;112
13/06/2004;18.00.00;18;1.0;68
13/06/2004;19.00.00;19;1.0;72
13/06/2004;20.00.00;20;1.0;78
13/06/2004;21.00.00;21;0.9;71
13/06/2004;22.00.00;22;0.7;54
13/06/2004;23.00.00;23;0.8;57
14/06/2004;18.00.00;18;2.3;103
14/06/2004;19.00.00;19;1.5;82
14/06/2004;20.00.00;20;1.4;74
14/06/2004;21.00.00;21;1.0;67
14/06/2004;22.00.00;22;1.1;74
14/06/2004;23.00.00;23;1.2;72
15/06/2004;18.00.00;18;3.1;148
15/06/2004;19.00.00;19;3.6;158
15/06/2004;20.00.00;20;2.9;127
15/06/2004;21.00.00;21;2.2;109
15/06/2004;22.00.00;22;2.0;101
15/06/2004;23.00.00;23;2.1;114
16/06/2004;18.00.00;18;2.3;106
16/06/2004;19.00.00;19;3.3;125
16/06/2004;20.00.00;20;3.5;139
16/06/2004;21.00.00;21;2.5;117
16/06/2004;22.00.00;22;2.5;107
16/06/2004;23.00.00;23;2.4;98
17/06/2004;18.00.00;18;3.6;133
17/06/2004;19.00.00;19;3.3;125
17/06/2004;20.00.00;20;2.9;124
17/06/2004;21.00.00;21;1.7;97
17/06/2004;22.00.00;22;1.7;94
17/06/2004;23.00.00;23;2.8;120
18/06/2004;18.00.00;18;2.9;164
18/06/2004;19.00.00;19;3.5;180
18/06/2004;20.00.00;20;2.9;153
18/06/2004;21.00.00;21;1.5;105
18/06/2004;22.00.00;22;1.7;98
18/06/2004;23.00.00;23;2.2;107
19/06/2004;18.00.00;18;1.1;56
19/06/2004;19.00.00;19;1.6;77
19/06/2004;20.00.00;20;1.7;91
19/06/2004;21.00.00;21;1.4;70
19/06/2004;22.00.00;22;1.7;95
19/06/2004;23.00.00;23;2.4;113
20/06/2004;18.00.00;18;2.8;114
20/06/2004;19.00.00;19;2.5;105
20/06/2004;20.00.00;20;1.6;87
20/06/2004;21.00.00;21;1.4;85
20/06/2004;22.00.00;22;2.3;91
20/06/2004;23.00.00;23;4.2;108
21/06/2004;18.00.00;18;3.0;147
21/06/2004;19.00.00;19;3.0;138
21/06/2004;20.00.00;20;2.7;126
21/06/2004;21.00.00;21;2.1;112
21/06/2004;22.00.00;22;1.6;95
21/06/2004;23.00.00;23;1.3;80
22/06/2004;18.00.00;18;3.6;139
22/06/2004;19.00.00;19;4.1;148
22/06/2004;20.00.00;20;4.0;139
22/06/2004;21.00.00;21;1.8;93
22/06/2004;22.00.00;22;1.7;96
22/06/2004;23.00.00;23;2.4;104
23/06/2004;18.00.00;18;3.9;152
23/06/2004;19.00.00;19;4.4;166
23/06/2004;20.00.00;20;4.8;163
23/06/2004;21.00.00;21;2.5;121
23/06/2004;22.00.00;22;2.8;125
23/06/2004;23.00.00;23;3.2;120
24/06/2004;18.00.00;18;2.1;103
24/06/2004;19.00.00;19;3.0;128
24/06/2004;20.00.00;20;2.8;122
24/06/2004;21.00.00;21;3.8;125
24/06/2004;22.00.00;22;3.2;119
24/06/2004;23.00.00;23;4.1;126
25/06/2004;18.00.00;18;2.8;127
25/06/2004;19.00.00;19;3.4;129
25/06/2004;20.00.00;20;3.4;140
25/06/2004;21.00.00;21;2.7;137
25/06/2004;22.00.00;22;2.6;130
25/06/2004;23.00.00;23;2.3;121
26/06/2004;18.00.00;18;1.5;78
26/06/2004;19.00.00;19;1.9;98
26/06/2004;20.00.00;20;1.8;99
26/06/2004;21.00.00;21;1.4;83
26/06/2004;22.00.00;22;1.7;88
26/06/2004;23.00.00;23;2.7;117
27/06/2004;18.00.00;18;1.6;110
27/06/2004;19.00.00;19;1.7;103
27/06/2004;20.00.00;20;2.0;120
27/06/2004;21.00.00;21;2.3;134
27/06/2004;22.00.00;22;2.4;137
27/06/2004;23.00.00;23;1.7;99
28/06/2004;18.00.00;18;3.4;160
28/06/2004;19.00.00;19;3.1;140
28/06/2004;20.00.00;20;2.5;115
28/06/2004;21.00.00;21;1.8;92
28/06/2004;22.00.00;22;1.8;99
28/06/2004;23.00.00;23;2.0;96
29/06/2004;18.00.00;18;3.7;181
29/06/2004;19.00.00;19;4.6;202
29/06/2004;20.00.00;20;2.6;120
29/06/2004;21.00.00;21;2.5;115
29/06/2004;22.00.00;22;2.3;112
29/06/2004;23.00.00;23;2.2;97
30/06/2004;18.00.00;18;4.9;207
30/06/2004;19.00.00;19;4.9;197
30/06/2004;20.00.00;20;3.5;158
30/06/2004;21.00.00;21;2.5;124
30/06/2004;22.00.00;22;2.5;110
30/06/2004;23.00.00;23;2.6;112
01/07/2004;18.00.00;18;3.3;169
01/07/2004;19.00.00;19;4.4;179
01/07/2004;20.00.00;20;3.4;149
01/07/2004;21.00.00;21;1.9;111
01/07/2004;22.00.00;22;2.1;112
01/07/2004;23.00.00;23;2.5;120
02/07/2004;18.00.00;18;2.4;163
02/07/2004;19.00.00;19;3.0;161
02/07/2004;20.00.00;20;2.8;154
02/07/2004;21.00.00;21;1.9;124
02/07/2004;22.00.00;22;2.1;122
02/07/2004;23.00.00;23;1.8;119
03/07/2004;18.00.00;18;1.2;89
03/07/2004;19.00.00;19;1.4;90
03/07/2004;20.00.00;20;1.1;67
03/07/2004;21.00.00;21;1.5;94
03/07/2004;22.00.00;22;2.0;109
03/07/2004;23.00.00;23;1.9;103
04/07/2004;18.00.00;18;0.9;71
04/07/2004;19.00.00;19;1.6;103
04/07/2004;20.00.00;20;1.6;97
04/07/2004;21.00.00;21;1.7;108
04/07/2004;22.00.00;22;1.3;87
04/07/2004;23.00.00;23;1.9;104
05/07/2004;18.00.00;18;4.3;203
05/07/2004;19.00.00;19;3.5;176
05/07/2004;20.00.00;20;2.5;125
05/07/2004;21.00.00;21;1.8;98
05/07/2004;22.00.00;22;1.9;103
05/07/2004;23.00.00;23;1.9;104
06/07/2004;18.00.00;18;4.4;194
06/07/2004;19.00.00;19;3.9;155
06/07/2004;20.00.00;20;4.0;159
06/07/2004;21.00.00;21;2.5;125
06/07/2004;22.00.00;22;2.1;108
06/07/2004;23.00.00;23;2.4;110
07/07/2004;18.00.00;18;4.3;233
07/07/2004;19.00.00;19;5.3;223
07/07/2004;20.00.00;20;4.3;184
07/07/2004;21.00.00;21;3.6;165
07/07/2004;22.00.00;22;2.4;132
07/07/2004;23.00.00;23;2.1;122
08/07/2004;18.00.00;18;3.5;178
08/07/2004;19.00.00;19;5.1;206
08/07/2004;20.00.00;20;4.5;192
08/07/2004;21.00.00;21;2.9;137
08/07/2004;22.00.00;22;2.6;128
08/07/2004;23.00.00;23;2.7;121
09/07/2004;18.00.00;18;2.2;162
09/07/2004;19.00.00;19;2.8;158
09/07/2004;20.00.00;20;2.7;162
09/07/2004;21.00.00;21;1.7;112
09/07/2004;22.00.00;22;1.5;104
09/07/2004;23.00.00;23;2.3;125
10/07/2004;18.00.00;18;0.8;67
10/07/2004;19.00.00;19;0.9;58
10/07/2004;20.00.00;20;1.3;77
10/07/2004;21.00.00;21;1.3;94
10/07/2004;22.00.00;22;1.4;97
10/07/2004;23.00.00;23;1.9;110
11/07/2004;18.00.00;18;0.7;65
11/07/2004;19.00.00;19;1.2;101
11/07/2004;20.00.00;20;1.6;116
11/07/2004;21.00.00;21;1.8;124
11/07/2004;22.00.00;22;2.4;136
11/07/2004;23.00.00;23;1.5;108
12/07/2004;18.00.00;18;3.3;119
12/07/2004;19.00.00;19;3.4;128
12/07/2004;20.00.00;20;2.8;112
12/07/2004;21.00.00;21;1.5;95
12/07/2004;22.00.00;22;1.3;85
12/07/2004;23.00.00;23;1.6;101
13/07/2004;18.00.00;18;3.8;154
13/07/2004;19.00.00;19;4.9;173
13/07/2004;20.00.00;20;4.3;162
13/07/2004;21.00.00;21;2.6;128
13/07/2004;22.00.00;22;2.4;120
13/07/2004;23.00.00;23;1.9;111
14/07/2004;18.00.00;18;4.0;172
14/07/2004;19.00.00;19;4.6;190
14/07/2004;20.00.00;20;3.0;160
14/07/2004;21.00.00;21;2.9;159
14/07/2004;22.00.00;22;1.9;123
14/07/2004;23.00.00;23;1.4;101
15/07/2004;18.00.00;18;3.6;183
15/07/2004;19.00.00;19;3.8;175
15/07/2004;20.00.00;20;4.8;193
15/07/2004;21.00.00;21;2.8;140
15/07/2004;22.00.00;22;2.6;128
15/07/2004;23.00.00;23;1.9;100
16/07/2004;18.00.00;18;4.0;206
16/07/2004;19.00.00;19;4.1;187
16/07/2004;20.00.00;20;4.2;170
16/07/2004;21.00.00;21;2.9;149
16/07/2004;22.00.00;22;2.3;124
16/07/2004;23.00.00;23;2.2;119
17/07/2004;18.00.00;18;1.6;94
17/07/2004;19.00.00;19;2.1;112
17/07/2004;20.00.00;20;2.0;120
17/07/2004;21.00.00;21;1.9;106
17/07/2004;22.00.00;22;2.3;112
17/07/2004;23.00.00;23;2.4;120
18/07/2004;18.00.00;18;0.4;54
18/07/2004;19.00.00;19;0.6;58
18/07/2004;20.00.00;20;0.8;73
18/07/2004;21.00.00;21;1.2;99
18/07/2004;22.00.00;22;1.6;102
18/07/2004;23.00.00;23;1.2;101
19/07/2004;18.00.00;18;;200
19/07/2004;19.00.00;19;;174
19/07/2004;20.00.00;20;;131
19/07/2004;21.00.00;21;;135
19/07/2004;22.00.00;22;;134
19/07/2004;23.00.00;23;;96
20/07/2004;18.00.00;18;;133
20/07/2004;19.00.00;19;;110
20/07/2004;20.00.00;20;;126
20/07/2004;21.00.00;21;;102
20/07/2004;22.00.00;22;;104
20/07/2004;23.00.00;23;;112
21/07/2004;18.00.00;18;4.1;140
21/07/2004;19.00.00;19;3.8;163
21/07/2004;20.00.00;20;3.4;144
21/07/2004;21.00.00;21;2.9;120
21/07/2004;22.00.00;22;3.1;120
21/07/2004;23.00.00;23;3.5;106
22/07/2004;18.00.00;18;3.6;187
22/07/2004;19.00.00;19;4.0;181
22/07/2004;20.00.00;20;3.7;158
22/07/2004;21.00.00;21;2.5;112
22/07/2004;22.00.00;22;2.3;100
22/07/2004;23.00.00;23;2.5;105
23/07/2004;18.00.00;18;3.0;156
23/07/2004;19.00.00;19;2.8;131
23/07/2004;20.00.00;20;2.5;115
23/07/2004;21.00.00;21;1.4;79
23/07/2004;22.00.00;22;1.7;86
23/07/2004;23.00.00;23;1.8;91
24/07/2004;18.00.00;18;1.3;82
24/07/2004;19.00.00;19;1.4;88
24/07/2004;20.00.00;20;1.2;70
24/07/2004;21.00.00;21;0.9;53
24/07/2004;22.00.00;22;1.1;57
24/07/2004;23.00.00;23;1.5;73
25/07/2004;18.00.00;18;1.2;78
25/07/2004;19.00.00;19;1.6;90
25/07/2004;20.00.00;20;1.6;110
25/07/2004;21.00.00;21;1.5;86
25/07/2004;22.00.00;22;1.5;88
25/07/2004;23.00.00;23;1.5;91
26/07/2004;18.00.00;18;;129
26/07/2004;19.00.00;19;;131
26/07/2004;20.00.00;20;;130
26/07/2004;21.00.00;21;;106
26/07/2004;22.00.00;22;;92
26/07/2004;23.00.00;23;;97
27/07/2004;18.00.00;18;;128
27/07/2004;19.00.00;19;;111
27/07/2004;20.00.00;20;;114
27/07/2004;21.00.00;21;;100
27/07/2004;22.00.00;22;;88
27/07/2004;23.00.00;23;;78
28/07/2004;18.00.00;18;;-200
28/07/2004;19.00.00;19;;143
28/07/2004;20.00.00;20;;131
28/07/2004;21.00.00;21;;102
28/07/2004;22.00.00;22;;94
28/07/2004;23.00.00;23;;96
29/07/2004;18.00.00;18;;127
29/07/2004;19.00.00;19;;122
29/07/2004;20.00.00;20;;118
29/07/2004;21.00.00;21;;135
29/07/2004;22.00.00;22;;134
29/07/2004;23.00.00;23;;105
30/07/2004;18.00.00;18;;137
30/07/2004;19.00.00;19;;137
30/07/2004;20.00.00;20;;135
30/07/2004;21.00.00;21;;118
30/07/2004;22.00.00;22;;111
30/07/2004;23.00.00;23;;85
31/07/2004;18.00.00;18;1.3;92
31/07/2004;19.00.00;19;1.6;104
31/07/2004;20.00.00;20;1.8;114
31/07/2004;21.00.00;21;2.2;105
31/07/2004;22.00.00;22;1.8;85
31/07/2004;23.00.00;23;2.3;92
01/08/2004;18.00.00;18;1.2;100
01/08/2004;19.00.00;19;1.4;95
01/08/2004;20.00.00;20;1.5;77
01/08/2004;21.00.00;21;1.7;85
01/08/2004;22.00.00;22;1.7;83
01/08/2004;23.00.00;23;1.7;88
02/08/2004;18.00.00;18;2.2;173
02/08/2004;19.00.00;19;1.9;139
02/08/2004;20.00.00;20;1.7;116
02/08/2004;21.00.00;21;1.2;91
02/08/2004;22.00.00;22;0.3;98
02/08/2004;23.00.00;23;0.1;93
03/08/2004;18.00.00;18;;134
03/08/2004;19.00.00;19;;114
03/08/2004;20.00.00;20;;100
03/08/2004;21.00.00;21;;92
03/08/2004;22.00.00;22;;97
03/08/2004;23.00.00;23;;111
04/08/2004;18.00.00;18;;-200
04/08/2004;19.00.00;19;;-200
04/08/2004;20.00.00;20;;-200
04/08/2004;21.00.00;21;;-200
04/08/2004;22.00.00;22;;-200
04/08/2004;23.00.00;23;;-200
05/08/2004;18.00.00;18;;99
05/08/2004;19.00.00;19;;97
05/08/2004;20.00.00;20;;101
05/08/2004;21.00.00;21;;92
05/08/2004;22.00.00;22;;70
05/08/2004;23.00.00;23;;72
06/08/2004;18.00.00;18;2.1;92
06/08/2004;19.00.00;19;2.6;114
06/08/2004;20.00.00;20;2.6;116
06/08/2004;21.00.00;21;1.7;94
06/08/2004;22.00.00;22;1.5;77
06/08/2004;23.00.00;23;1.8;74
07/08/2004;18.00.00;18;1.6;95
07/08/2004;19.00.00;19;1.6;86
07/08/2004;20.00.00;20;1.6;93
07/08/2004;21.00.00;21;1.3;68
07/08/2004;22.00.00;22;1.9;95
07/08/2004;23.00.00;23;1.9;93
08/08/2004;18.00.00;18;1.0;54
08/08/2004;19.00.00;19;1.5;79
08/08/2004;20.00.00;20;1.5;79
08/08/2004;21.00.00;21;1.7;98
08/08/2004;22.00.00;22;1.9;93
08/08/2004;23.00.00;23;1.7;89
09/08/2004;18.00.00;18;1.7;86
09/08/2004;19.00.00;19;2.2;96
09/08/2004;20.00.00;20;1.9;95
09/08/2004;21.00.00;21;1.6;74
09/08/2004;22.00.00;22;1.5;76
09/08/2004;23.00.00;23;1.4;66
10/08/2004;18.00.00;18;1.8;96
10/08/2004;19.00.00;19;1.7;79
10/08/2004;20.00.00;20;1.7;67
10/08/2004;21.00.00;21;1.6;62
10/08/2004;22.00.00;22;1.7;64
10/08/2004;23.00.00;23;1.8;63
11/08/2004;18.00.00;18;1.4;63
11/08/2004;19.00.00;19;1.7;69
11/08/2004;20.00.00;20;1.4;57
11/08/2004;21.00.00;21;1.5;59
11/08/2004;22.00.00;22;1.4;54
11/08/2004;23.00.00;23;1.5;57
12/08/2004;18.00.00;18;1.5;79
12/08/2004;19.00.00;19;1.6;86
12/08/2004;20.00.00;20;1.5;79
12/08/2004;21.00.00;21;1.3;67
12/08/2004;22.00.00;22;1.2;65
12/08/2004;23.00.00;23;1.6;67
13/08/2004;18.00.00;18;1.0;76
13/08/2004;19.00.00;19;1.2;78
13/08/2004;20.00.00;20;1.1;80
13/08/2004;21.00.00;21;1.0;71
13/08/2004;22.00.00;22;1.2;74
13/08/2004;23.00.00;23;1.4;90
14/08/2004;18.00.00;18;0.9;56
14/08/2004;19.00.00;19;1.2;73
14/08/2004;20.00.00;20;1.4;85
14/08/2004;21.00.00;21;1.2;72
14/08/2004;22.00.00;22;1.0;53
14/08/2004;23.00.00;23;0.9;47
15/08/2004;18.00.00;18;0.8;60
15/08/2004;19.00.00;19;1.0;81
15/08/2004;20.00.00;20;1.1;87
15/08/2004;21.00.00;21;1.1;85
15/08/2004;22.00.00;22;1.6;91
15/08/2004;23.00.00;23;0.9;55
16/08/2004;18.00.00;18;1.3;77
16/08/2004;19.00.00;19;1.3;77
16/08/2004;20.00.00;20;1.6;87
16/08/2004;21.00.00;21;1.4;88
16/08/2004;22.00.00;22;1.3;84
16/08/2004;23.00.00;23;1.0;65
17/08/2004;18.00.00;18;;-200
17/08/2004;19.00.00;19;;-200
17/08/2004;20.00.00;20;;-200
17/08/2004;21.00.00;21;;-200
17/08/2004;22.00.00;22;;-200
17/08/2004;23.00.00;23;;-200
18/08/2004;18.00.00;18;1.5;72
18/08/2004;19.00.00;19;1.7;74
18/08/2004;20.00.00;20;1.6;70
18/08/2004;21.00.00;21;1.4;55
18/08/2004;22.00.00;22;1.4;54
18/08/2004;23.00.00;23;1.4;53
19/08/2004;18.00.00;18;1.7;60
19/08/2004;19.00.00;19;1.7;66
19/08/2004;20.00.00;20;1.7;68
19/08/2004;21.00.00;21;;-200
19/08/2004;22.00.00;22;;-200
19/08/2004;23.00.00;23;;-200
20/08/2004;18.00.00;18;;-200
20/08/2004;19.00.00;19;;-200
20/08/2004;20.00.00;20;;-200
20/08/2004;21.00.00;21;;-200
20/08/2004;22.00.00;22;;-200
20/08/2004;23.00.00;23;;-200
21/08/2004;18.00.00;18;;-200
21/08/2004;19.00.00;19;;-200
21/08/2004;20.00.00;20;;-200
21/08/2004;21.00.00;21;;-200
21/08/2004;22.00.00;22;;-200
21/08/2004;23.00.00;23;;-200
22/08/2004;18.00.00;18;;-200
22/08/2004;19.00.00;19;;-200
22/08/2004;20.00.00;20;;-200
22/08/2004;21.00.00;21;;-200
22/08/2004;22.00.00;22;;-200
22/08/2004;23.00.00;23;;-200
23/08/2004;18.00.00;18;1.5;68
23/08/2004;19.00.00;19;1.6;73
23/08/2004;20.00.00;20;1.7;92
23/08/2004;21.00.00;21;1.4;80
23/08/2004;22.00.00;22;1.2;60
23/08/2004;23.00.00;23;1.1;49
24/08/2004;18.00.00;18;1.7;87
24/08/2004;19.00.00;19;1.4;65
24/08/2004;20.00.00;20;1.3;61
24/08/2004;21.00.00;21;1.3;62
24/08/2004;22.00.00;22;1.6;85
24/08/2004;23.00.00;23;1.8;83
25/08/2004;18.00.00;18;1.3;54
25/08/2004;19.00.00;19;1.4;53
25/08/2004;20.00.00;20;1.4;69
25/08/2004;21.00.00;21;1.3;77
25/08/2004;22.00.00;22;1.4;83
25/08/2004;23.00.00;23;1.5;94
26/08/2004;18.00.00;18;1.9;88
26/08/2004;19.00.00;19;2.1;91
26/08/2004;20.00.00;20;1.7;91
26/08/2004;21.00.00;21;1.0;68
26/08/2004;22.00.00;22;1.1;71
26/08/2004;23.00.00;23;0.7;49
27/08/2004;18.00.00;18;2.0;107
27/08/2004;19.00.00;19;2.3;116
27/08/2004;20.00.00;20;2.4;124
27/08/2004;21.00.00;21;1.8;112
27/08/2004;22.00.00;22;1.7;99
27/08/2004;23.00.00;23;1.2;85
28/08/2004;18.00.00;18;;-200
28/08/2004;19.00.00;19;;-200
28/08/2004;20.00.00;20;;-200
28/08/2004;21.00.00;21;;-200
28/08/2004;22.00.00;22;;-200
28/08/2004;23.00.00;23;;-200
29/08/2004;18.00.00;18;;-200
29/08/2004;19.00.00;19;;-200
29/08/2004;20.00.00;20;;-200
29/08/2004;21.00.00;21;;-200
29/08/2004;22.00.00;22;;-200
29/08/2004;23.00.00;23;;-200
30/08/2004;18.00.00;18;;-200
30/08/2004;19.00.00;19;;-200
30/08/2004;20.00.00;20;;-200
30/08/2004;21.00.00;21;;-200
30/08/2004;22.00.00;22;;-200
30/08/2004;23.00.00;23;;-200
31/08/2004;18.00.00;18;2.7;104
31/08/2004;19.00.00;19;2.8;105
31/08/2004;20.00.00;20;2.0;87
31/08/2004;21.00.00;21;2.1;98
31/08/2004;22.00.00;22;2.0;105
31/08/2004;23.00.00;23;1.8;104
01/09/2004;18.00.00;18;4.0;171
01/09/2004;19.00.00;19;4.4;154
01/09/2004;20.00.00;20;3.0;122
01/09/2004;21.00.00;21;2.2;126
01/09/2004;22.00.00;22;1.7;121
01/09/2004;23.00.00;23;1.9;125
02/09/2004;18.00.00;18;;-200
02/09/2004;19.00.00;19;;-200
02/09/2004;20.00.00;20;;-200
02/09/2004;21.00.00;21;;-200
02/09/2004;22.00.00;22;;-200
02/09/2004;23.00.00;23;;-200
03/09/2004;18.00.00;18;4.3;-200
03/09/2004;19.00.00;19;4.9;-200
03/09/2004;20.00.00;20;4.0;-200
03/09/2004;21.00.00;21;2.6;-200
03/09/2004;22.00.00;22;1.3;-200
03/09/2004;23.00.00;23;1.5;-200
04/09/2004;18.00.00;18;2.1;-200
04/09/2004;19.00.00;19;1.8;-200
04/09/2004;20.00.00;20;1.7;-200
04/09/2004;21.00.00;21;1.9;-200
04/09/2004;22.00.00;22;1.6;-200
04/09/2004;23.00.00;23;2.6;-200
05/09/2004;18.00.00;18;1.1;-200
05/09/2004;19.00.00;19;1.7;-200
05/09/2004;20.00.00;20;1.5;-200
05/09/2004;21.00.00;21;1.6;-200
05/09/2004;22.00.00;22;1.7;-200
05/09/2004;23.00.00;23;1.3;-200
06/09/2004;18.00.00;18;2.6;-200
06/09/2004;19.00.00;19;2.9;-200
06/09/2004;20.00.00;20;1.8;-200
06/09/2004;21.00.00;21;1.3;-200
06/09/2004;22.00.00;22;1.3;-200
06/09/2004;23.00.00;23;1.2;-200
07/09/2004;18.00.00;18;3.3;-200
07/09/2004;19.00.00;19;4.1;-200
07/09/2004;20.00.00;20;3.3;-200
07/09/2004;21.00.00;21;2.2;-200
07/09/2004;22.00.00;22;;-200
07/09/2004;23.00.00;23;;-200
08/09/2004;18.00.00;18;4.0;188
08/09/2004;19.00.00;19;4.7;176
08/09/2004;20.00.00;20;3.8;163
08/09/2004;21.00.00;21;2.8;155
08/09/2004;22.00.00;22;2.6;146
08/09/2004;23.00.00;23;2.0;131
09/09/2004;18.00.00;18;5.4;220
09/09/2004;19.00.00;19;4.3;175
09/09/2004;20.00.00;20;3.6;165
09/09/2004;21.00.00;21;2.0;136
09/09/2004;22.00.00;22;1.5;111
09/09/2004;23.00.00;23;1.5;114
10/09/2004;18.00.00;18;3.3;164
10/09/2004;19.00.00;19;3.2;180
10/09/2004;20.00.00;20;2.6;159
10/09/2004;21.00.00;21;1.4;119
10/09/2004;22.00.00;22;1.6;127
10/09/2004;23.00.00;23;1.7;131
11/09/2004;18.00.00;18;;-200
11/09/2004;19.00.00;19;;-200
11/09/2004;20.00.00;20;;-200
11/09/2004;21.00.00;21;;-200
11/09/2004;22.00.00;22;;-200
11/09/2004;23.00.00;23;;-200
12/09/2004;18.00.00;18;;-200
12/09/2004;19.00.00;19;;-200
12/09/2004;20.00.00;20;;-200
12/09/2004;21.00.00;21;;-200
12/09/2004;22.00.00;22;;-200
12/09/2004;23.00.00;23;;-200
13/09/2004;18.00.00;18;;-200
13/09/2004;19.00.00;19;6.2;168
13/09/2004;20.00.00;20;4.7;177
13/09/2004;21.00.00;21;3.0;172
13/09/2004;22.00.00;22;2.1;112
13/09/2004;23.00.00;23;1.0;39
14/09/2004;18.00.00;18;;-200
14/09/2004;19.00.00;19;;-200
14/09/2004;20.00.00;20;;-200
14/09/2004;21.00.00;21;;-200
14/09/2004;22.00.00;22;;-200
14/09/2004;23.00.00;23;;-200
15/09/2004;18.00.00;18;6.1;170
15/09/2004;19.00.00;19;6.7;173
15/09/2004;20.00.00;20;4.4;135
15/09/2004;21.00.00;21;1.9;93
15/09/2004;22.00.00;22;1.8;74
15/09/2004;23.00.00;23;1.5;69
16/09/2004;18.00.00;18;3.5;113
16/09/2004;19.00.00;19;3.6;104
16/09/2004;20.00.00;20;2.9;117
16/09/2004;21.00.00;21;2.0;94
16/09/2004;22.00.00;22;1.9;-200
16/09/2004;23.00.00;23;1.5;-200
17/09/2004;18.00.00;18;2.7;116
17/09/2004;19.00.00;19;3.1;129
17/09/2004;20.00.00;20;2.2;110
17/09/2004;21.00.00;21;1.5;105
17/09/2004;22.00.00;22;1.2;90
17/09/2004;23.00.00;23;1.3;94
18/09/2004;18.00.00;18;2.0;122
18/09/2004;19.00.00;19;2.4;132
18/09/2004;20.00.00;20;2.0;116
18/09/2004;21.00.00;21;1.5;109
18/09/2004;22.00.00;22;1.7;109
18/09/2004;23.00.00;23;2.5;116
19/09/2004;18.00.00;18;3.8;179
19/09/2004;19.00.00;19;4.4;188
19/09/2004;20.00.00;20;3.8;187
19/09/2004;21.00.00;21;1.9;121
19/09/2004;22.00.00;22;1.7;99
19/09/2004;23.00.00;23;1.8;100
20/09/2004;18.00.00;18;5.6;200
20/09/2004;19.00.00;19;6.5;225
20/09/2004;20.00.00;20;4.1;168
20/09/2004;21.00.00;21;2.1;118
20/09/2004;22.00.00;22;2.0;115
20/09/2004;23.00.00;23;1.4;94
21/09/2004;18.00.00;18;5.6;204
21/09/2004;19.00.00;19;5.4;210
21/09/2004;20.00.00;20;4.4;173
21/09/2004;21.00.00;21;2.4;123
21/09/2004;22.00.00;22;1.5;92
21/09/2004;23.00.00;23;1.3;77
22/09/2004;18.00.00;18;5.1;213
22/09/2004;19.00.00;19;5.2;194
22/09/2004;20.00.00;20;3.8;167
22/09/2004;21.00.00;21;2.2;115
22/09/2004;22.00.00;22;2.1;98
22/09/2004;23.00.00;23;1.8;93
23/09/2004;18.00.00;18;4.9;189
23/09/2004;19.00.00;19;4.7;173
23/09/2004;20.00.00;20;3.3;148
23/09/2004;21.00.00;21;2.3;116
23/09/2004;22.00.00;22;2.1;109
23/09/2004;23.00.00;23;1.7;94
24/09/2004;18.00.00;18;2.8;119
24/09/2004;19.00.00;19;2.9;109
24/09/2004;20.00.00;20;2.0;107
24/09/2004;21.00.00;21;0.7;57
24/09/2004;22.00.00;22;0.6;60
24/09/2004;23.00.00;23;1.2;22
25/09/2004;18.00.00;18;1.8;62
25/09/2004;19.00.00;19;2.4;68
25/09/2004;20.00.00;20;2.7;81
25/09/2004;21.00.00;21;1.7;88
25/09/2004;22.00.00;22;2.2;99
25/09/2004;23.00.00;23;2.8;98
26/09/2004;18.00.00;18;2.2;99
26/09/2004;19.00.00;19;3.3;127
26/09/2004;20.00.00;20;2.1;98
26/09/2004;21.00.00;21;1.8;112
26/09/2004;22.00.00;22;1.9;115
26/09/2004;23.00.00;23;2.3;114
27/09/2004;18.00.00;18;3.9;148
27/09/2004;19.00.00;19;4.3;158
27/09/2004;20.00.00;20;3.5;145
27/09/2004;21.00.00;21;2.4;128
27/09/2004;22.00.00;22;1.5;105
27/09/2004;23.00.00;23;1.3;90
28/09/2004;18.00.00;18;6.7;204
28/09/2004;19.00.00;19;7.5;209
28/09/2004;20.00.00;20;4.5;175
28/09/2004;21.00.00;21;2.1;129
28/09/2004;22.00.00;22;1.5;111
28/09/2004;23.00.00;23;1.1;85
29/09/2004;18.00.00;18;5.6;204
29/09/2004;19.00.00;19;6.3;201
29/09/2004;20.00.00;20;4.7;165
29/09/2004;21.00.00;21;1.9;133
29/09/2004;22.00.00;22;1.9;125
29/09/2004;23.00.00;23;1.2;101
30/09/2004;18.00.00;18;6.3;182
30/09/2004;19.00.00;19;5.7;166
30/09/2004;20.00.00;20;4.4;142
30/09/2004;21.00.00;21;1.6;84
30/09/2004;22.00.00;22;1.5;87
30/09/2004;23.00.00;23;1.7;91
01/10/2004;18.00.00;18;;-200
01/10/2004;19.00.00;19;;-200
01/10/2004;20.00.00;20;;-200
01/10/2004;21.00.00;21;;-200
01/10/2004;22.00.00;22;;-200
01/10/2004;23.00.00;23;;-200
02/10/2004;18.00.00;18;;-200
02/10/2004;19.00.00;19;;-200
02/10/2004;20.00.00;20;;-200
02/10/2004;21.00.00;21;;-200
02/10/2004;22.00.00;22;;-200
02/10/2004;23.00.00;23;;-200
03/10/2004;18.00.00;18;;-200
03/10/2004;19.00.00;19;;-200
03/10/2004;20.00.00;20;;-200
03/10/2004;21.00.00;21;;-200
03/10/2004;22.00.00;22;;-200
03/10/2004;23.00.00;23;;-200
04/10/2004;18.00.00;18;;-200
04/10/2004;19.00.00;19;;-200
04/10/2004;20.00.00;20;;-200
04/10/2004;21.00.00;21;;-200
04/10/2004;22.00.00;22;;-200
04/10/2004;23.00.00;23;;-200
05/10/2004;18.00.00;18;;-200
05/10/2004;19.00.00;19;;-200
05/10/2004;20.00.00;20;;-200
05/10/2004;21.00.00;21;;-200
05/10/2004;22.00.00;22;;-200
05/10/2004;23.00.00;23;;-200
06/10/2004;18.00.00;18;;-200
06/10/2004;19.00.00;19;;-200
06/10/2004;20.00.00;20;;-200
06/10/2004;21.00.00;21;;-200
06/10/2004;22.00.00;22;;-200
06/10/2004;23.00.00;23;;-200
07/10/2004;18.00.00;18;5.3;119
07/10/2004;19.00.00;19;6.7;128
07/10/2004;20.00.00;20;7.0;117
07/10/2004;21.00.00;21;2.8;92
07/10/2004;22.00.00;22;1.7;73
07/10/2004;23.00.00;23;1.7;60
08/10/2004;18.00.00;18;2.3;84
08/10/2004;19.00.00;19;3.1;101
08/10/2004;20.00.00;20;2.9;98
08/10/2004;21.00.00;21;1.5;76
08/10/2004;22.00.00;22;1.5;71
08/10/2004;23.00.00;23;1.7;71
09/10/2004;18.00.00;18;3.8;109
09/10/2004;19.00.00;19;4.8;122
09/10/2004;20.00.00;20;3.5;107
09/10/2004;21.00.00;21;2.2;83
09/10/2004;22.00.00;22;1.5;62
09/10/2004;23.00.00;23;3.4;89
10/10/2004;18.00.00;18;2.0;81
10/10/2004;19.00.00;19;2.2;87
10/10/2004;20.00.00;20;1.6;72
10/10/2004;21.00.00;21;1.3;63
10/10/2004;22.00.00;22;1.5;63
10/10/2004;23.00.00;23;1.5;63
11/10/2004;18.00.00;18;4.5;95
11/10/2004;19.00.00;19;4.0;80
11/10/2004;20.00.00;20;3.2;76
11/10/2004;21.00.00;21;1.9;62
11/10/2004;22.00.00;22;1.9;57
11/10/2004;23.00.00;23;1.3;57
12/10/2004;18.00.00;18;;-200
12/10/2004;19.00.00;19;;-200
12/10/2004;20.00.00;20;;-200
12/10/2004;21.00.00;21;;-200
12/10/2004;22.00.00;22;;-200
12/10/2004;23.00.00;23;;-200
13/10/2004;18.00.00;18;;-200
13/10/2004;19.00.00;19;;-200
13/10/2004;20.00.00;20;;-200
13/10/2004;21.00.00;21;;-200
13/10/2004;22.00.00;22;;-200
13/10/2004;23.00.00;23;;-200
14/10/2004;18.00.00;18;;-200
14/10/2004;19.00.00;19;;-200
14/10/2004;20.00.00;20;;-200
14/10/2004;21.00.00;21;;-200
14/10/2004;22.00.00;22;;-200
14/10/2004;23.00.00;23;;-200
15/10/2004;18.00.00;18;;-200
15/10/2004;19.00.00;19;;-200
15/10/2004;20.00.00;20;;-200
15/10/2004;21.00.00;21;;-200
15/10/2004;22.00.00;22;;-200
15/10/2004;23.00.00;23;;-200
16/10/2004;18.00.00;18;;-200
16/10/2004;19.00.00;19;;-200
16/10/2004;20.00.00;20;;-200
16/10/2004;21.00.00;21;;-200
16/10/2004;22.00.00;22;;-200
16/10/2004;23.00.00;23;;-200
17/10/2004;18.00.00;18;;-200
17/10/2004;19.00.00;19;;-200
17/10/2004;20.00.00;20;;-200
17/10/2004;21.00.00;21;;-200
17/10/2004;22.00.00;22;;-200
17/10/2004;23.00.00;23;;-200
18/10/2004;18.00.00;18;;-200
18/10/2004;19.00.00;19;;-200
18/10/2004;20.00.00;20;;-200
18/10/2004;21.00.00;21;;-200
18/10/2004;22.00.00;22;;-200
18/10/2004;23.00.00;23;;-200
19/10/2004;18.00.00;18;;-200
19/10/2004;19.00.00;19;;-200
19/10/2004;20.00.00;20;;-200
19/10/2004;21.00.00;21;;-200
19/10/2004;22.00.00;22;;-200
19/10/2004;23.00.00;23;;-200
20/10/2004;18.00.00;18;7.7;172
20/10/2004;19.00.00;19;6.8;134
20/10/2004;20.00.00;20;6.0;130
20/10/2004;21.00.00;21;4.7;113
20/10/2004;22.00.00;22;3.4;99
20/10/2004;23.00.00;23;3.9;109
21/10/2004;18.00.00;18;4.4;118
21/10/2004;19.00.00;19;6.0;120
21/10/2004;20.00.00;20;5.0;107
21/10/2004;21.00.00;21;4.3;104
21/10/2004;22.00.00;22;4.3;91
21/10/2004;23.00.00;23;4.2;91
22/10/2004;18.00.00;18;8.4;163
22/10/2004;19.00.00;19;6.8;135
22/10/2004;20.00.00;20;4.5;119
22/10/2004;21.00.00;21;2.5;91
22/10/2004;22.00.00;22;1.6;74
22/10/2004;23.00.00;23;1.7;73
23/10/2004;18.00.00;18;4.0;115
23/10/2004;19.00.00;19;4.6;118
23/10/2004;20.00.00;20;4.1;117
23/10/2004;21.00.00;21;2.3;96
23/10/2004;22.00.00;22;2.6;89
23/10/2004;23.00.00;23;2.6;84
24/10/2004;18.00.00;18;4.3;128
24/10/2004;19.00.00;19;5.2;127
24/10/2004;20.00.00;20;3.4;99
24/10/2004;21.00.00;21;1.3;72
24/10/2004;22.00.00;22;1.2;62
24/10/2004;23.00.00;23;1.7;62
25/10/2004;18.00.00;18;8.4;149
25/10/2004;19.00.00;19;8.0;136
25/10/2004;20.00.00;20;6.4;112
25/10/2004;21.00.00;21;3.5;87
25/10/2004;22.00.00;22;3.5;82
25/10/2004;23.00.00;23;1.9;67
26/10/2004;18.00.00;18;9.5;180
26/10/2004;19.00.00;19;6.2;134
26/10/2004;20.00.00;20;5.0;127
26/10/2004;21.00.00;21;2.1;95
26/10/2004;22.00.00;22;1.4;79
26/10/2004;23.00.00;23;1.6;78
27/10/2004;18.00.00;18;3.6;116
27/10/2004;19.00.00;19;2.6;101
27/10/2004;20.00.00;20;2.8;94
27/10/2004;21.00.00;21;1.4;75
27/10/2004;22.00.00;22;1.1;69
27/10/2004;23.00.00;23;1.3;60
28/10/2004;18.00.00;18;5.9;136
28/10/2004;19.00.00;19;2.7;103
28/10/2004;20.00.00;20;2.5;112
28/10/2004;21.00.00;21;1.5;88
28/10/2004;22.00.00;22;1.0;63
28/10/2004;23.00.00;23;1.2;69
29/10/2004;18.00.00;18;4.2;129
29/10/2004;19.00.00;19;3.1;128
29/10/2004;20.00.00;20;1.7;103
29/10/2004;21.00.00;21;1.8;116
29/10/2004;22.00.00;22;1.7;95
29/10/2004;23.00.00;23;2.1;107
30/10/2004;18.00.00;18;4.3;117
30/10/2004;19.00.00;19;4.9;116
30/10/2004;20.00.00;20;4.0;109
30/10/2004;21.00.00;21;2.8;96
30/10/2004;22.00.00;22;2.4;90
30/10/2004;23.00.00;23;1.9;82
31/10/2004;18.00.00;18;6.6;106
31/10/2004;19.00.00;19;4.7;100
31/10/2004;20.00.00;20;4.1;89
31/10/2004;21.00.00;21;4.1;83
31/10/2004;22.00.00;22;2.7;76
31/10/2004;23.00.00;23;2.6;68
01/11/2004;18.00.00;18;4.0;95
01/11/2004;19.00.00;19;4.1;91
01/11/2004;20.00.00;20;3.1;94
01/11/2004;21.00.00;21;3.2;86
01/11/2004;22.00.00;22;3.2;79
01/11/2004;23.00.00;23;2.7;71
02/11/2004;18.00.00;18;7.9;158
02/11/2004;19.00.00;19;8.0;121
02/11/2004;20.00.00;20;9.2;119
02/11/2004;21.00.00;21;5.9;96
02/11/2004;22.00.00;22;3.7;77
02/11/2004;23.00.00;23;2.6;66
03/11/2004;18.00.00;18;3.7;107
03/11/2004;19.00.00;19;4.6;117
03/11/2004;20.00.00;20;3.3;97
03/11/2004;21.00.00;21;2.4;90
03/11/2004;22.00.00;22;2.8;86
03/11/2004;23.00.00;23;2.7;77
04/11/2004;18.00.00;18;8.7;171
04/11/2004;19.00.00;19;5.8;124
04/11/2004;20.00.00;20;4.3;97
04/11/2004;21.00.00;21;3.6;92
04/11/2004;22.00.00;22;3.9;96
04/11/2004;23.00.00;23;2.4;74
05/11/2004;18.00.00;18;8.0;154
05/11/2004;19.00.00;19;3.6;105
05/11/2004;20.00.00;20;2.9;98
05/11/2004;21.00.00;21;2.7;93
05/11/2004;22.00.00;22;1.9;76
05/11/2004;23.00.00;23;1.3;69
06/11/2004;18.00.00;18;3.5;101
06/11/2004;19.00.00;19;2.8;91
06/11/2004;20.00.00;20;2.5;90
06/11/2004;21.00.00;21;3.1;90
06/11/2004;22.00.00;22;1.8;83
06/11/2004;23.00.00;23;1.6;73
07/11/2004;18.00.00;18;3.2;84
07/11/2004;19.00.00;19;3.1;140
07/11/2004;20.00.00;20;3.1;138
07/11/2004;21.00.00;21;2.3;127
07/11/2004;22.00.00;22;1.8;117
07/11/2004;23.00.00;23;0.8;57
08/11/2004;18.00.00;18;5.9;183
08/11/2004;19.00.00;19;6.6;-200
08/11/2004;20.00.00;20;;-200
08/11/2004;21.00.00;21;;-200
08/11/2004;22.00.00;22;;-200
08/11/2004;23.00.00;23;;-200
09/11/2004;18.00.00;18;3.5;-200
09/11/2004;19.00.00;19;4.6;-200
09/11/2004;20.00.00;20;4.7;-200
09/11/2004;21.00.00;21;3.0;-200
09/11/2004;22.00.00;22;1.5;-200
09/11/2004;23.00.00;23;0.9;-200
10/11/2004;18.00.00;18;2.5;141
10/11/2004;19.00.00;19;3.7;177
10/11/2004;20.00.00;20;4.6;182
10/11/2004;21.00.00;21;3.9;193
10/11/2004;22.00.00;22;2.2;148
10/11/2004;23.00.00;23;2.7;167
11/11/2004;18.00.00;18;3.9;187
11/11/2004;19.00.00;19;3.5;166
11/11/2004;20.00.00;20;4.7;177
11/11/2004;21.00.00;21;4.6;207
11/11/2004;22.00.00;22;1.2;114
11/11/2004;23.00.00;23;1.1;84
12/11/2004;18.00.00;18;4.0;163
12/11/2004;19.00.00;19;5.2;178
12/11/2004;20.00.00;20;3.9;160
12/11/2004;21.00.00;21;3.8;166
12/11/2004;22.00.00;22;1.6;115
12/11/2004;23.00.00;23;1.5;107
13/11/2004;18.00.00;18;1.9;116
13/11/2004;19.00.00;19;1.9;118
13/11/2004;20.00.00;20;2.3;142
13/11/2004;21.00.00;21;1.7;113
13/11/2004;22.00.00;22;0.8;59
13/11/2004;23.00.00;23;0.8;52
14/11/2004;18.00.00;18;1.4;78
14/11/2004;19.00.00;19;1.2;99
14/11/2004;20.00.00;20;1.1;106
14/11/2004;21.00.00;21;1.0;97
14/11/2004;22.00.00;22;0.6;67
14/11/2004;23.00.00;23;0.8;73
15/11/2004;18.00.00;18;4.0;194
15/11/2004;19.00.00;19;3.8;175
15/11/2004;20.00.00;20;4.0;180
15/11/2004;21.00.00;21;2.4;147
15/11/2004;22.00.00;22;1.4;112
15/11/2004;23.00.00;23;1.3;94
16/11/2004;18.00.00;18;4.2;206
16/11/2004;19.00.00;19;3.1;168
16/11/2004;20.00.00;20;3.2;171
16/11/2004;21.00.00;21;2.8;171
16/11/2004;22.00.00;22;2.2;142
16/11/2004;23.00.00;23;1.8;134
17/11/2004;18.00.00;18;10.2;192
17/11/2004;19.00.00;19;6.6;288
17/11/2004;20.00.00;20;4.3;254
17/11/2004;21.00.00;21;4.9;267
17/11/2004;22.00.00;22;2.6;198
17/11/2004;23.00.00;23;2.3;145
18/11/2004;18.00.00;18;4.6;220
18/11/2004;19.00.00;19;4.9;214
18/11/2004;20.00.00;20;5.4;212
18/11/2004;21.00.00;21;4.3;191
18/11/2004;22.00.00;22;3.1;160
18/11/2004;23.00.00;23;2.5;130
19/11/2004;18.00.00;18;7.2;187
19/11/2004;19.00.00;19;8.3;188
19/11/2004;20.00.00;20;8.6;185
19/11/2004;21.00.00;21;4.3;146
19/11/2004;22.00.00;22;2.6;120
19/11/2004;23.00.00;23;2.6;110
20/11/2004;18.00.00;18;4.6;239
20/11/2004;19.00.00;19;1.6;164
20/11/2004;20.00.00;20;1.2;149
20/11/2004;21.00.00;21;1.2;159
20/11/2004;22.00.00;22;0.9;149
20/11/2004;23.00.00;23;0.7;133
21/11/2004;18.00.00;18;2.4;179
21/11/2004;19.00.00;19;1.6;150
21/11/2004;20.00.00;20;1.1;147
21/11/2004;21.00.00;21;1.3;163
21/11/2004;22.00.00;22;0.8;145
21/11/2004;23.00.00;23;1.0;186
22/11/2004;18.00.00;18;6.3;240
22/11/2004;19.00.00;19;6.9;245
22/11/2004;20.00.00;20;6.5;239
22/11/2004;21.00.00;21;3.3;191
22/11/2004;22.00.00;22;2.4;164
22/11/2004;23.00.00;23;1.7;130
23/11/2004;18.00.00;18;10.2;227
23/11/2004;19.00.00;19;11.9;220
23/11/2004;20.00.00;20;11.5;190
23/11/2004;21.00.00;21;8.3;178
23/11/2004;22.00.00;22;4.7;147
23/11/2004;23.00.00;23;4.0;138
24/11/2004;18.00.00;18;6.1;167
24/11/2004;19.00.00;19;6.8;166
24/11/2004;20.00.00;20;8.4;181
24/11/2004;21.00.00;21;5.3;144
24/11/2004;22.00.00;22;4.5;141
24/11/2004;23.00.00;23;4.1;123
25/11/2004;18.00.00;18;4.5;173
25/11/2004;19.00.00;19;3.1;137
25/11/2004;20.00.00;20;2.6;122
25/11/2004;21.00.00;21;2.6;129
25/11/2004;22.00.00;22;2.0;110
25/11/2004;23.00.00;23;1.8;102
26/11/2004;18.00.00;18;10.1;255
26/11/2004;19.00.00;19;6.4;170
26/11/2004;20.00.00;20;7.7;167
26/11/2004;21.00.00;21;8.1;205
26/11/2004;22.00.00;22;4.7;170
26/11/2004;23.00.00;23;4.3;154
27/11/2004;18.00.00;18;5.6;136
27/11/2004;19.00.00;19;4.9;134
27/11/2004;20.00.00;20;5.3;126
27/11/2004;21.00.00;21;4.6;130
27/11/2004;22.00.00;22;2.4;98
27/11/2004;23.00.00;23;2.7;89
28/11/2004;18.00.00;18;3.2;113
28/11/2004;19.00.00;19;3.5;117
28/11/2004;20.00.00;20;4.5;127
28/11/2004;21.00.00;21;4.1;132
28/11/2004;22.00.00;22;3.3;121
28/11/2004;23.00.00;23;3.1;122
29/11/2004;18.00.00;18;2.3;115
29/11/2004;19.00.00;19;1.8;94
29/11/2004;20.00.00;20;1.9;98
29/11/2004;21.00.00;21;1.4;87
29/11/2004;22.00.00;22;1.2;78
29/11/2004;23.00.00;23;1.0;69
30/11/2004;18.00.00;18;5.2;159
30/11/2004;19.00.00;19;6.3;178
30/11/2004;20.00.00;20;6.8;168
30/11/2004;21.00.00;21;4.1;160
30/11/2004;22.00.00;22;2.3;117
30/11/2004;23.00.00;23;1.9;113
01/12/2004;18.00.00;18;7.5;185
01/12/2004;19.00.00;19;3.0;126
01/12/2004;20.00.00;20;2.6;113
01/12/2004;21.00.00;21;2.1;111
01/12/2004;22.00.00;22;1.8;107
01/12/2004;23.00.00;23;2.0;107
02/12/2004;18.00.00;18;7.7;171
02/12/2004;19.00.00;19;9.4;171
02/12/2004;20.00.00;20;7.8;161
02/12/2004;21.00.00;21;6.6;154
02/12/2004;22.00.00;22;4.7;127
02/12/2004;23.00.00;23;4.8;115
03/12/2004;18.00.00;18;5.1;134
03/12/2004;19.00.00;19;4.9;128
03/12/2004;20.00.00;20;6.1;132
03/12/2004;21.00.00;21;6.2;134
03/12/2004;22.00.00;22;3.0;107
03/12/2004;23.00.00;23;3.4;101
04/12/2004;18.00.00;18;3.1;120
04/12/2004;19.00.00;19;1.9;108
04/12/2004;20.00.00;20;2.5;115
04/12/2004;21.00.00;21;3.1;124
04/12/2004;22.00.00;22;2.0;109
04/12/2004;23.00.00;23;1.9;93
05/12/2004;18.00.00;18;2.4;93
05/12/2004;19.00.00;19;2.0;103
05/12/2004;20.00.00;20;1.5;90
05/12/2004;21.00.00;21;1.7;93
05/12/2004;22.00.00;22;1.0;72
05/12/2004;23.00.00;23;1.0;73
06/12/2004;18.00.00;18;3.1;123
06/12/2004;19.00.00;19;4.0;138
06/12/2004;20.00.00;20;3.1;123
06/12/2004;21.00.00;21;2.7;112
06/12/2004;22.00.00;22;1.7;87
06/12/2004;23.00.00;23;1.5;79
07/12/2004;18.00.00;18;3.1;115
07/12/2004;19.00.00;19;3.2;116
07/12/2004;20.00.00;20;2.4;99
07/12/2004;21.00.00;21;2.6;115
07/12/2004;22.00.00;22;2.4;104
07/12/2004;23.00.00;23;1.8;92
08/12/2004;18.00.00;18;2.6;119
08/12/2004;19.00.00;19;2.4;114
08/12/2004;20.00.00;20;3.5;127
08/12/2004;21.00.00;21;3.5;121
08/12/2004;22.00.00;22;2.2;109
08/12/2004;23.00.00;23;2.3;107
09/12/2004;18.00.00;18;2.3;118
09/12/2004;19.00.00;19;3.2;135
09/12/2004;20.00.00;20;2.6;124
09/12/2004;21.00.00;21;1.6;100
09/12/2004;22.00.00;22;0.8;66
09/12/2004;23.00.00;23;0.7;57
10/12/2004;18.00.00;18;4.0;177
10/12/2004;19.00.00;19;4.2;164
10/12/2004;20.00.00;20;3.5;151
10/12/2004;21.00.00;21;2.6;147
10/12/2004;22.00.00;22;1.3;110
10/12/2004;23.00.00;23;1.0;99
11/12/2004;18.00.00;18;2.4;133
11/12/2004;19.00.00;19;2.0;138
11/12/2004;20.00.00;20;2.3;142
11/12/2004;21.00.00;21;2.9;138
11/12/2004;22.00.00;22;2.0;118
11/12/2004;23.00.00;23;2.5;120
12/12/2004;18.00.00;18;6.3;188
12/12/2004;19.00.00;19;4.6;169
12/12/2004;20.00.00;20;3.1;133
12/12/2004;21.00.00;21;2.6;125
12/12/2004;22.00.00;22;2.1;110
12/12/2004;23.00.00;23;2.1;112
13/12/2004;18.00.00;18;9.9;269
13/12/2004;19.00.00;19;6.9;217
13/12/2004;20.00.00;20;4.3;183
13/12/2004;21.00.00;21;2.9;147
13/12/2004;22.00.00;22;2.0;120
13/12/2004;23.00.00;23;1.7;112
14/12/2004;18.00.00;18;9.3;248
14/12/2004;19.00.00;19;7.4;208
14/12/2004;20.00.00;20;5.3;167
14/12/2004;21.00.00;21;4.1;148
14/12/2004;22.00.00;22;2.5;112
14/12/2004;23.00.00;23;2.1;108
15/12/2004;18.00.00;18;7.3;214
15/12/2004;19.00.00;19;3.6;137
15/12/2004;20.00.00;20;2.4;115
15/12/2004;21.00.00;21;2.1;107
15/12/2004;22.00.00;22;2.1;105
15/12/2004;23.00.00;23;1.7;96
16/12/2004;18.00.00;18;7.5;231
16/12/2004;19.00.00;19;8.6;227
16/12/2004;20.00.00;20;9.1;219
16/12/2004;21.00.00;21;8.6;203
16/12/2004;22.00.00;22;5.4;186
16/12/2004;23.00.00;23;4.3;173
17/12/2004;18.00.00;18;3.2;138
17/12/2004;19.00.00;19;3.2;129
17/12/2004;20.00.00;20;3.3;130
17/12/2004;21.00.00;21;3.1;137
17/12/2004;22.00.00;22;2.4;125
17/12/2004;23.00.00;23;1.4;106
18/12/2004;18.00.00;18;1.2;102
18/12/2004;19.00.00;19;2.1;132
18/12/2004;20.00.00;20;3.9;162
18/12/2004;21.00.00;21;4.4;179
18/12/2004;22.00.00;22;2.0;148
18/12/2004;23.00.00;23;2.3;146
19/12/2004;18.00.00;18;5.5;175
19/12/2004;19.00.00;19;4.5;170
19/12/2004;20.00.00;20;4.7;173
19/12/2004;21.00.00;21;4.3;151
19/12/2004;22.00.00;22;3.2;129
19/12/2004;23.00.00;23;2.9;126
20/12/2004;18.00.00;18;4.1;151
20/12/2004;19.00.00;19;4.1;151
20/12/2004;20.00.00;20;4.0;149
20/12/2004;21.00.00;21;3.7;149
20/12/2004;22.00.00;22;1.7;114
20/12/2004;23.00.00;23;1.1;104
21/12/2004;18.00.00;18;3.1;166
21/12/2004;19.00.00;19;3.6;165
21/12/2004;20.00.00;20;3.9;175
21/12/2004;21.00.00;21;4.0;185
21/12/2004;22.00.00;22;2.3;166
21/12/2004;23.00.00;23;1.5;140
22/12/2004;18.00.00;18;2.9;153
22/12/2004;19.00.00;19;3.9;178
22/12/2004;20.00.00;20;4.1;174
22/12/2004;21.00.00;21;3.3;166
22/12/2004;22.00.00;22;3.3;169
22/12/2004;23.00.00;23;1.9;132
23/12/2004;18.00.00;18;8.5;247
23/12/2004;19.00.00;19;8.7;242
23/12/2004;20.00.00;20;9.1;252
23/12/2004;21.00.00;21;7.2;228
23/12/2004;22.00.00;22;5.0;196
23/12/2004;23.00.00;23;4.2;190
24/12/2004;18.00.00;18;6.7;175
24/12/2004;19.00.00;19;6.4;168
24/12/2004;20.00.00;20;6.8;170
24/12/2004;21.00.00;21;5.6;157
24/12/2004;22.00.00;22;5.4;143
24/12/2004;23.00.00;23;5.2;152
25/12/2004;18.00.00;18;4.6;184
25/12/2004;19.00.00;19;4.8;170
25/12/2004;20.00.00;20;6.2;174
25/12/2004;21.00.00;21;4.6;136
25/12/2004;22.00.00;22;4.5;127
25/12/2004;23.00.00;23;4.2;125
26/12/2004;18.00.00;18;2.3;137
26/12/2004;19.00.00;19;3.5;146
26/12/2004;20.00.00;20;3.8;139
26/12/2004;21.00.00;21;2.4;128
26/12/2004;22.00.00;22;1.0;106
26/12/2004;23.00.00;23;1.3;114
27/12/2004;18.00.00;18;2.0;110
27/12/2004;19.00.00;19;2.1;119
27/12/2004;20.00.00;20;2.1;116
27/12/2004;21.00.00;21;2.1;123
27/12/2004;22.00.00;22;1.6;117
27/12/2004;23.00.00;23;1.1;100
28/12/2004;18.00.00;18;;-200
28/12/2004;19.00.00;19;;-200
28/12/2004;20.00.00;20;;-200
28/12/2004;21.00.00;21;;-200
28/12/2004;22.00.00;22;;-200
28/12/2004;23.00.00;23;;-200
29/12/2004;18.00.00;18;;-200
29/12/2004;19.00.00;19;;-200
29/12/2004;20.00.00;20;;-200
29/12/2004;21.00.00;21;;-200
29/12/2004;22.00.00;22;;-200
29/12/2004;23.00.00;23;;-200
30/12/2004;18.00.00;18;;-200
30/12/2004;19.00.00;19;;-200
30/12/2004;20.00.00;20;;-200
30/12/2004;21.00.00;21;;-200
30/12/2004;22.00.00;22;;-200
30/12/2004;23.00.00;23;;-200
31/12/2004;18.00.00;18;;-200
31/12/2004;19.00.00;19;;-200
31/12/2004;20.00.00;20;;-200
31/12/2004;21.00.00;21;;-200
31/12/2004;22.00.00;22;;-200
31/12/2004;23.00.00;23;;-200
01/01/2005;18.00.00;18;4.7;191
01/01/2005;19.00.00;19;3.6;172
01/01/2005;20.00.00;20;2.5;151
01/01/2005;21.00.00;21;2.3;137
01/01/2005;22.00.00;22;2.1;130
01/01/2005;23.00.00;23;1.7;115
02/01/2005;18.00.00;18;2.8;166
02/01/2005;19.00.00;19;2.9;167
02/01/2005;20.00.00;20;3.4;174
02/01/2005;21.00.00;21;2.9;160
02/01/2005;22.00.00;22;3.2;169
02/01/2005;23.00.00;23;3.1;162
03/01/2005;18.00.00;18;3.9;177
03/01/2005;19.00.00;19;5.0;190
03/01/2005;20.00.00;20;4.2;182
03/01/2005;21.00.00;21;3.2;163
03/01/2005;22.00.00;22;1.7;135
03/01/2005;23.00.00;23;1.5;130
04/01/2005;18.00.00;18;3.8;173
04/01/2005;19.00.00;19;3.6;174
04/01/2005;20.00.00;20;4.5;181
04/01/2005;21.00.00;21;3.7;166
04/01/2005;22.00.00;22;2.4;150
04/01/2005;23.00.00;23;1.7;131
05/01/2005;18.00.00;18;2.8;152
05/01/2005;19.00.00;19;3.1;148
05/01/2005;20.00.00;20;3.3;147
05/01/2005;21.00.00;21;2.7;144
05/01/2005;22.00.00;22;2.3;144
05/01/2005;23.00.00;23;1.6;126
06/01/2005;18.00.00;18;2.1;153
06/01/2005;19.00.00;19;2.8;169
06/01/2005;20.00.00;20;2.7;162
06/01/2005;21.00.00;21;2.4;152
06/01/2005;22.00.00;22;1.6;127
06/01/2005;23.00.00;23;1.7;112
07/01/2005;18.00.00;18;5.0;180
07/01/2005;19.00.00;19;5.7;178
07/01/2005;20.00.00;20;5.0;159
07/01/2005;21.00.00;21;4.8;156
07/01/2005;22.00.00;22;3.9;146
07/01/2005;23.00.00;23;3.3;132
08/01/2005;18.00.00;18;4.3;188
08/01/2005;19.00.00;19;4.3;179
08/01/2005;20.00.00;20;5.5;196
08/01/2005;21.00.00;21;3.4;169
08/01/2005;22.00.00;22;2.4;151
08/01/2005;23.00.00;23;1.6;123
09/01/2005;18.00.00;18;3.3;154
09/01/2005;19.00.00;19;2.7;165
09/01/2005;20.00.00;20;2.6;153
09/01/2005;21.00.00;21;2.5;151
09/01/2005;22.00.00;22;1.5;131
09/01/2005;23.00.00;23;1.9;128
10/01/2005;18.00.00;18;2.0;134
10/01/2005;19.00.00;19;3.1;128
10/01/2005;20.00.00;20;3.3;135
10/01/2005;21.00.00;21;3.3;136
10/01/2005;22.00.00;22;2.6;126
10/01/2005;23.00.00;23;1.7;116
11/01/2005;18.00.00;18;3.9;144
11/01/2005;19.00.00;19;3.6;146
11/01/2005;20.00.00;20;4.7;162
11/01/2005;21.00.00;21;4.1;156
11/01/2005;22.00.00;22;3.4;146
11/01/2005;23.00.00;23;3.5;151
12/01/2005;18.00.00;18;4.7;177
12/01/2005;19.00.00;19;5.7;182
12/01/2005;20.00.00;20;5.6;166
12/01/2005;21.00.00;21;5.9;177
12/01/2005;22.00.00;22;3.6;158
12/01/2005;23.00.00;23;2.5;133
13/01/2005;18.00.00;18;5.2;166
13/01/2005;19.00.00;19;4.0;144
13/01/2005;20.00.00;20;2.9;129
13/01/2005;21.00.00;21;3.3;129
13/01/2005;22.00.00;22;2.0;107
13/01/2005;23.00.00;23;1.8;101
14/01/2005;18.00.00;18;5.7;197
14/01/2005;19.00.00;19;5.8;189
14/01/2005;20.00.00;20;5.8;188
14/01/2005;21.00.00;21;5.0;190
14/01/2005;22.00.00;22;1.7;126
14/01/2005;23.00.00;23;1.6;113
15/01/2005;18.00.00;18;3.7;182
15/01/2005;19.00.00;19;5.2;194
15/01/2005;20.00.00;20;3.3;166
15/01/2005;21.00.00;21;3.6;168
15/01/2005;22.00.00;22;2.3;148
15/01/2005;23.00.00;23;3.0;151
16/01/2005;18.00.00;18;1.2;132
16/01/2005;19.00.00;19;2.0;160
16/01/2005;20.00.00;20;2.2;167
16/01/2005;21.00.00;21;1.5;157
16/01/2005;22.00.00;22;1.2;130
16/01/2005;23.00.00;23;1.5;145
17/01/2005;18.00.00;18;8.6;272
17/01/2005;19.00.00;19;8.7;225
17/01/2005;20.00.00;20;3.6;181
17/01/2005;21.00.00;21;3.0;172
17/01/2005;22.00.00;22;1.9;153
17/01/2005;23.00.00;23;1.9;143
18/01/2005;18.00.00;18;4.9;215
18/01/2005;19.00.00;19;5.5;216
18/01/2005;20.00.00;20;4.2;184
18/01/2005;21.00.00;21;1.5;152
18/01/2005;22.00.00;22;0.1;104
18/01/2005;23.00.00;23;0.2;104
19/01/2005;18.00.00;18;1.8;130
19/01/2005;19.00.00;19;2.2;135
19/01/2005;20.00.00;20;2.3;141
19/01/2005;21.00.00;21;2.6;141
19/01/2005;22.00.00;22;1.1;95
19/01/2005;23.00.00;23;1.2;97
20/01/2005;18.00.00;18;6.0;210
20/01/2005;19.00.00;19;4.3;182
20/01/2005;20.00.00;20;3.4;165
20/01/2005;21.00.00;21;2.8;150
20/01/2005;22.00.00;22;2.1;132
20/01/2005;23.00.00;23;1.7;120
21/01/2005;18.00.00;18;2.3;223
21/01/2005;19.00.00;19;1.6;194
21/01/2005;20.00.00;20;4.9;244
21/01/2005;21.00.00;21;6.4;243
21/01/2005;22.00.00;22;3.5;230
21/01/2005;23.00.00;23;1.7;207
22/01/2005;18.00.00;18;0.1;148
22/01/2005;19.00.00;19;0.4;167
22/01/2005;20.00.00;20;0.7;175
22/01/2005;21.00.00;21;2.7;224
22/01/2005;22.00.00;22;2.1;215
22/01/2005;23.00.00;23;1.3;196
23/01/2005;18.00.00;18;;130
23/01/2005;19.00.00;19;;141
23/01/2005;20.00.00;20;;157
23/01/2005;21.00.00;21;;123
23/01/2005;22.00.00;22;;104
23/01/2005;23.00.00;23;;134
24/01/2005;18.00.00;18;1.5;180
24/01/2005;19.00.00;19;1.5;169
24/01/2005;20.00.00;20;1.2;152
24/01/2005;21.00.00;21;0.3;107
24/01/2005;22.00.00;22;;75
24/01/2005;23.00.00;23;;58
25/01/2005;18.00.00;18;0.7;134
25/01/2005;19.00.00;19;1.0;142
25/01/2005;20.00.00;20;1.1;133
25/01/2005;21.00.00;21;0.3;106
25/01/2005;22.00.00;22;0.1;87
25/01/2005;23.00.00;23;;67
26/01/2005;18.00.00;18;1.0;177
26/01/2005;19.00.00;19;1.4;185
26/01/2005;20.00.00;20;1.4;169
26/01/2005;21.00.00;21;1.1;151
26/01/2005;22.00.00;22;0.4;114
26/01/2005;23.00.00;23;0.2;90
27/01/2005;18.00.00;18;2.1;170
27/01/2005;19.00.00;19;2.6;195
27/01/2005;20.00.00;20;3.0;202
27/01/2005;21.00.00;21;2.0;168
27/01/2005;22.00.00;22;1.4;128
27/01/2005;23.00.00;23;1.3;115
28/01/2005;18.00.00;18;2.4;190
28/01/2005;19.00.00;19;3.0;198
28/01/2005;20.00.00;20;1.9;155
28/01/2005;21.00.00;21;1.8;153
28/01/2005;22.00.00;22;1.1;110
28/01/2005;23.00.00;23;1.1;91
29/01/2005;18.00.00;18;1.4;118
29/01/2005;19.00.00;19;1.3;134
29/01/2005;20.00.00;20;1.4;125
29/01/2005;21.00.00;21;1.5;140
29/01/2005;22.00.00;22;1.0;83
29/01/2005;23.00.00;23;1.0;73
30/01/2005;18.00.00;18;1.1;123
30/01/2005;19.00.00;19;1.2;140
30/01/2005;20.00.00;20;1.6;163
30/01/2005;21.00.00;21;1.7;164
30/01/2005;22.00.00;22;1.1;120
30/01/2005;23.00.00;23;1.3;130
31/01/2005;18.00.00;18;6.1;270
31/01/2005;19.00.00;19;6.8;285
31/01/2005;20.00.00;20;6.8;282
31/01/2005;21.00.00;21;3.7;235
31/01/2005;22.00.00;22;2.1;208
31/01/2005;23.00.00;23;1.4;161
01/02/2005;18.00.00;18;3.5;173
01/02/2005;19.00.00;19;4.1;188
01/02/2005;20.00.00;20;4.0;186
01/02/2005;21.00.00;21;3.3;172
01/02/2005;22.00.00;22;3.0;150
01/02/2005;23.00.00;23;2.6;137
02/02/2005;18.00.00;18;4.8;171
02/02/2005;19.00.00;19;5.8;193
02/02/2005;20.00.00;20;5.9;195
02/02/2005;21.00.00;21;4.1;212
02/02/2005;22.00.00;22;1.8;193
02/02/2005;23.00.00;23;1.7;167
03/02/2005;18.00.00;18;6.7;212
03/02/2005;19.00.00;19;6.4;249
03/02/2005;20.00.00;20;3.9;231
03/02/2005;21.00.00;21;2.7;216
03/02/2005;22.00.00;22;3.0;217
03/02/2005;23.00.00;23;2.1;203
04/02/2005;18.00.00;18;2.2;197
04/02/2005;19.00.00;19;3.0;204
04/02/2005;20.00.00;20;2.6;207
04/02/2005;21.00.00;21;2.8;208
04/02/2005;22.00.00;22;1.6;174
04/02/2005;23.00.00;23;1.3;157
05/02/2005;18.00.00;18;0.9;142
05/02/2005;19.00.00;19;1.6;174
05/02/2005;20.00.00;20;1.4;168
05/02/2005;21.00.00;21;1.4;180
05/02/2005;22.00.00;22;1.1;157
05/02/2005;23.00.00;23;1.2;162
06/02/2005;18.00.00;18;1.1;142
06/02/2005;19.00.00;19;1.6;165
06/02/2005;20.00.00;20;1.8;179
06/02/2005;21.00.00;21;1.4;149
06/02/2005;22.00.00;22;1.1;126
06/02/2005;23.00.00;23;1.0;120
07/02/2005;18.00.00;18;1.9;194
07/02/2005;19.00.00;19;2.3;204
07/02/2005;20.00.00;20;2.0;174
07/02/2005;21.00.00;21;1.6;154
07/02/2005;22.00.00;22;1.0;117
07/02/2005;23.00.00;23;0.9;98
08/02/2005;18.00.00;18;1.8;194
08/02/2005;19.00.00;19;2.3;208
08/02/2005;20.00.00;20;1.9;187
08/02/2005;21.00.00;21;1.9;187
08/02/2005;22.00.00;22;1.1;127
08/02/2005;23.00.00;23;0.9;107
09/02/2005;18.00.00;18;3.1;209
09/02/2005;19.00.00;19;3.9;240
09/02/2005;20.00.00;20;3.8;223
09/02/2005;21.00.00;21;2.9;187
09/02/2005;22.00.00;22;2.2;157
09/02/2005;23.00.00;23;1.9;123
10/02/2005;18.00.00;18;4.2;209
10/02/2005;19.00.00;19;6.2;243
10/02/2005;20.00.00;20;8.4;276
10/02/2005;21.00.00;21;4.5;225
10/02/2005;22.00.00;22;2.7;194
10/02/2005;23.00.00;23;2.4;164
11/02/2005;18.00.00;18;6.5;284
11/02/2005;19.00.00;19;7.1;289
11/02/2005;20.00.00;20;4.9;215
11/02/2005;21.00.00;21;4.0;207
11/02/2005;22.00.00;22;4.0;213
11/02/2005;23.00.00;23;3.6;192
12/02/2005;18.00.00;18;4.6;248
12/02/2005;19.00.00;19;5.0;251
12/02/2005;20.00.00;20;5.7;265
12/02/2005;21.00.00;21;5.2;262
12/02/2005;22.00.00;22;5.0;241
12/02/2005;23.00.00;23;4.5;231
13/02/2005;18.00.00;18;2.6;132
13/02/2005;19.00.00;19;2.5;211
13/02/2005;20.00.00;20;2.1;179
13/02/2005;21.00.00;21;1.0;116
13/02/2005;22.00.00;22;1.3;143
13/02/2005;23.00.00;23;1.5;142
14/02/2005;18.00.00;18;2.3;185
14/02/2005;19.00.00;19;4.2;212
14/02/2005;20.00.00;20;3.5;200
14/02/2005;21.00.00;21;3.0;191
14/02/2005;22.00.00;22;1.7;169
14/02/2005;23.00.00;23;1.6;139
15/02/2005;18.00.00;18;2.4;181
15/02/2005;19.00.00;19;2.8;185
15/02/2005;20.00.00;20;3.1;187
15/02/2005;21.00.00;21;3.1;196
15/02/2005;22.00.00;22;2.0;174
15/02/2005;23.00.00;23;2.1;182
16/02/2005;18.00.00;18;2.2;153
16/02/2005;19.00.00;19;3.4;171
16/02/2005;20.00.00;20;5.6;227
16/02/2005;21.00.00;21;5.2;251
16/02/2005;22.00.00;22;2.8;216
16/02/2005;23.00.00;23;2.4;200
17/02/2005;18.00.00;18;2.4;177
17/02/2005;19.00.00;19;2.8;198
17/02/2005;20.00.00;20;3.3;200
17/02/2005;21.00.00;21;2.5;191
17/02/2005;22.00.00;22;2.1;169
17/02/2005;23.00.00;23;1.2;106
18/02/2005;18.00.00;18;2.8;204
18/02/2005;19.00.00;19;3.3;210
18/02/2005;20.00.00;20;4.8;250
18/02/2005;21.00.00;21;2.8;202
18/02/2005;22.00.00;22;2.4;190
18/02/2005;23.00.00;23;2.9;236
19/02/2005;18.00.00;18;1.7;168
19/02/2005;19.00.00;19;2.5;202
19/02/2005;20.00.00;20;2.7;211
19/02/2005;21.00.00;21;3.1;231
19/02/2005;22.00.00;22;2.8;214
19/02/2005;23.00.00;23;1.9;181
20/02/2005;18.00.00;18;1.3;127
20/02/2005;19.00.00;19;1.1;119
20/02/2005;20.00.00;20;1.5;149
20/02/2005;21.00.00;21;1.4;140
20/02/2005;22.00.00;22;1.1;105
20/02/2005;23.00.00;23;1.3;116
21/02/2005;18.00.00;18;2.2;193
21/02/2005;19.00.00;19;4.9;252
21/02/2005;20.00.00;20;6.3;283
21/02/2005;21.00.00;21;2.7;208
21/02/2005;22.00.00;22;1.4;143
21/02/2005;23.00.00;23;1.2;124
22/02/2005;18.00.00;18;2.4;206
22/02/2005;19.00.00;19;3.6;251
22/02/2005;20.00.00;20;2.6;190
22/02/2005;21.00.00;21;2.7;218
22/02/2005;22.00.00;22;1.4;150
22/02/2005;23.00.00;23;0.9;111
23/02/2005;18.00.00;18;2.8;249
23/02/2005;19.00.00;19;2.7;223
23/02/2005;20.00.00;20;3.1;244
23/02/2005;21.00.00;21;2.9;243
23/02/2005;22.00.00;22;2.6;226
23/02/2005;23.00.00;23;1.5;167
24/02/2005;18.00.00;18;3.9;270
24/02/2005;19.00.00;19;4.0;260
24/02/2005;20.00.00;20;3.9;265
24/02/2005;21.00.00;21;3.5;262
24/02/2005;22.00.00;22;2.4;227
24/02/2005;23.00.00;23;2.1;192
25/02/2005;18.00.00;18;2.8;177
25/02/2005;19.00.00;19;3.4;189
25/02/2005;20.00.00;20;4.0;195
25/02/2005;21.00.00;21;2.3;179
25/02/2005;22.00.00;22;2.7;188
25/02/2005;23.00.00;23;2.7;170
26/02/2005;18.00.00;18;2.8;126
26/02/2005;19.00.00;19;3.0;142
26/02/2005;20.00.00;20;3.7;157
26/02/2005;21.00.00;21;3.5;161
26/02/2005;22.00.00;22;3.8;169
26/02/2005;23.00.00;23;4.3;166
27/02/2005;18.00.00;18;1.2;132
27/02/2005;19.00.00;19;1.6;155
27/02/2005;20.00.00;20;2.6;181
27/02/2005;21.00.00;21;1.5;155
27/02/2005;22.00.00;22;1.0;105
27/02/2005;23.00.00;23;1.3;119
28/02/2005;18.00.00;18;2.0;140
28/02/2005;19.00.00;19;2.4;141
28/02/2005;20.00.00;20;2.5;142
28/02/2005;21.00.00;21;1.6;123
28/02/2005;22.00.00;22;0.9;90
28/02/2005;23.00.00;23;0.7;79
01/03/2005;18.00.00;18;1.4;116
01/03/2005;19.00.00;19;2.1;148
01/03/2005;20.00.00;20;2.8;156
01/03/2005;21.00.00;21;2.2;159
01/03/2005;22.00.00;22;1.0;116
01/03/2005;23.00.00;23;1.1;110
02/03/2005;18.00.00;18;3.4;207
02/03/2005;19.00.00;19;5.1;240
02/03/2005;20.00.00;20;5.3;236
02/03/2005;21.00.00;21;2.8;199
02/03/2005;22.00.00;22;1.6;170
02/03/2005;23.00.00;23;1.4;153
03/03/2005;18.00.00;18;3.8;197
03/03/2005;19.00.00;19;5.4;228
03/03/2005;20.00.00;20;4.2;196
03/03/2005;21.00.00;21;3.8;192
03/03/2005;22.00.00;22;2.3;161
03/03/2005;23.00.00;23;2.1;156
04/03/2005;18.00.00;18;3.6;183
04/03/2005;19.00.00;19;3.6;189
04/03/2005;20.00.00;20;4.6;225
04/03/2005;21.00.00;21;2.3;175
04/03/2005;22.00.00;22;1.6;153
04/03/2005;23.00.00;23;1.8;156
05/03/2005;18.00.00;18;1.9;156
05/03/2005;19.00.00;19;2.5;177
05/03/2005;20.00.00;20;2.6;185
05/03/2005;21.00.00;21;3.2;199
05/03/2005;22.00.00;22;2.2;166
05/03/2005;23.00.00;23;1.9;152
06/03/2005;18.00.00;18;2.3;162
06/03/2005;19.00.00;19;2.5;194
06/03/2005;20.00.00;20;2.1;185
06/03/2005;21.00.00;21;1.5;158
06/03/2005;22.00.00;22;1.4;156
06/03/2005;23.00.00;23;1.4;157
07/03/2005;18.00.00;18;2.5;204
07/03/2005;19.00.00;19;3.8;209
07/03/2005;20.00.00;20;4.2;224
07/03/2005;21.00.00;21;2.8;211
07/03/2005;22.00.00;22;1.5;174
07/03/2005;23.00.00;23;1.8;181
08/03/2005;18.00.00;18;3.1;204
08/03/2005;19.00.00;19;5.1;242
08/03/2005;20.00.00;20;5.9;246
08/03/2005;21.00.00;21;3.2;215
08/03/2005;22.00.00;22;2.4;206
08/03/2005;23.00.00;23;1.4;167
09/03/2005;18.00.00;18;3.8;168
09/03/2005;19.00.00;19;5.3;207
09/03/2005;20.00.00;20;5.9;199
09/03/2005;21.00.00;21;5.5;192
09/03/2005;22.00.00;22;2.0;148
09/03/2005;23.00.00;23;1.8;137
10/03/2005;18.00.00;18;2.7;163
10/03/2005;19.00.00;19;4.7;219
10/03/2005;20.00.00;20;5.4;245
10/03/2005;21.00.00;21;4.2;229
10/03/2005;22.00.00;22;2.1;184
10/03/2005;23.00.00;23;1.4;151
11/03/2005;18.00.00;18;1.5;181
11/03/2005;19.00.00;19;3.4;226
11/03/2005;20.00.00;20;3.8;231
11/03/2005;21.00.00;21;2.8;222
11/03/2005;22.00.00;22;0.8;165
11/03/2005;23.00.00;23;0.5;151
12/03/2005;18.00.00;18;0.9;156
12/03/2005;19.00.00;19;0.8;152
12/03/2005;20.00.00;20;2.4;201
12/03/2005;21.00.00;21;3.3;221
12/03/2005;22.00.00;22;0.9;157
12/03/2005;23.00.00;23;0.1;114
13/03/2005;18.00.00;18;0.8;135
13/03/2005;19.00.00;19;3.2;215
13/03/2005;20.00.00;20;2.8;211
13/03/2005;21.00.00;21;1.0;172
13/03/2005;22.00.00;22;0.9;166
13/03/2005;23.00.00;23;0.9;168
14/03/2005;18.00.00;18;5.4;225
14/03/2005;19.00.00;19;6.5;234
14/03/2005;20.00.00;20;6.5;227
14/03/2005;21.00.00;21;4.0;192
14/03/2005;22.00.00;22;2.1;158
14/03/2005;23.00.00;23;1.6;149
15/03/2005;18.00.00;18;3.9;196
15/03/2005;19.00.00;19;6.3;243
15/03/2005;20.00.00;20;7.4;248
15/03/2005;21.00.00;21;5.7;233
15/03/2005;22.00.00;22;2.3;174
15/03/2005;23.00.00;23;1.5;149
16/03/2005;18.00.00;18;3.5;193
16/03/2005;19.00.00;19;4.8;227
16/03/2005;20.00.00;20;4.4;223
16/03/2005;21.00.00;21;4.9;229
16/03/2005;22.00.00;22;2.9;194
16/03/2005;23.00.00;23;2.1;171
17/03/2005;18.00.00;18;2.7;165
17/03/2005;19.00.00;19;3.9;214
17/03/2005;20.00.00;20;5.6;228
17/03/2005;21.00.00;21;4.9;240
17/03/2005;22.00.00;22;2.2;188
17/03/2005;23.00.00;23;1.9;173
18/03/2005;18.00.00;18;4.1;225
18/03/2005;19.00.00;19;5.6;240
18/03/2005;20.00.00;20;5.3;223
18/03/2005;21.00.00;21;4.9;241
18/03/2005;22.00.00;22;2.0;159
18/03/2005;23.00.00;23;1.9;150
19/03/2005;18.00.00;18;1.9;156
19/03/2005;19.00.00;19;2.7;183
19/03/2005;20.00.00;20;3.2;185
19/03/2005;21.00.00;21;3.3;200
19/03/2005;22.00.00;22;2.3;163
19/03/2005;23.00.00;23;1.9;154
20/03/2005;18.00.00;18;1.7;128
20/03/2005;19.00.00;19;2.9;155
20/03/2005;20.00.00;20;4.0;176
20/03/2005;21.00.00;21;4.0;179
20/03/2005;22.00.00;22;1.9;124
20/03/2005;23.00.00;23;1.5;105
21/03/2005;18.00.00;18;4.5;198
21/03/2005;19.00.00;19;6.4;232
21/03/2005;20.00.00;20;6.0;224
21/03/2005;21.00.00;21;3.8;183
21/03/2005;22.00.00;22;2.1;144
21/03/2005;23.00.00;23;1.2;117
22/03/2005;18.00.00;18;3.3;156
22/03/2005;19.00.00;19;4.5;198
22/03/2005;20.00.00;20;5.8;175
22/03/2005;21.00.00;21;4.3;141
22/03/2005;22.00.00;22;3.0;101
22/03/2005;23.00.00;23;2.8;102
23/03/2005;18.00.00;18;3.9;181
23/03/2005;19.00.00;19;6.2;227
23/03/2005;20.00.00;20;7.2;230
23/03/2005;21.00.00;21;3.9;194
23/03/2005;22.00.00;22;2.4;172
23/03/2005;23.00.00;23;2.3;158
24/03/2005;18.00.00;18;2.7;153
24/03/2005;19.00.00;19;5.9;200
24/03/2005;20.00.00;20;7.5;232
24/03/2005;21.00.00;21;5.0;201
24/03/2005;22.00.00;22;4.0;175
24/03/2005;23.00.00;23;2.7;159
25/03/2005;18.00.00;18;4.9;174
25/03/2005;19.00.00;19;5.7;196
25/03/2005;20.00.00;20;5.5;189
25/03/2005;21.00.00;21;3.9;155
25/03/2005;22.00.00;22;3.1;137
25/03/2005;23.00.00;23;2.0;117
26/03/2005;18.00.00;18;2.3;122
26/03/2005;19.00.00;19;2.2;119
26/03/2005;20.00.00;20;2.0;119
26/03/2005;21.00.00;21;2.3;127
26/03/2005;22.00.00;22;2.2;126
26/03/2005;23.00.00;23;1.6;111
27/03/2005;18.00.00;18;1.6;122
27/03/2005;19.00.00;19;1.8;121
27/03/2005;20.00.00;20;2.1;126
27/03/2005;21.00.00;21;1.9;115
27/03/2005;22.00.00;22;1.7;116
27/03/2005;23.00.00;23;1.9;120
28/03/2005;18.00.00;18;2.8;150
28/03/2005;19.00.00;19;3.7;175
28/03/2005;20.00.00;20;2.9;157
28/03/2005;21.00.00;21;1.8;130
28/03/2005;22.00.00;22;1.6;120
28/03/2005;23.00.00;23;1.7;114
29/03/2005;18.00.00;18;3.9;181
29/03/2005;19.00.00;19;2.6;151
29/03/2005;20.00.00;20;3.2;159
29/03/2005;21.00.00;21;2.3;151
29/03/2005;22.00.00;22;1.4;127
29/03/2005;23.00.00;23;1.1;107
30/03/2005;18.00.00;18;3.4;183
30/03/2005;19.00.00;19;4.2;193
30/03/2005;20.00.00;20;3.5;185
30/03/2005;21.00.00;21;2.0;147
30/03/2005;22.00.00;22;1.4;117
30/03/2005;23.00.00;23;1.5;112
31/03/2005;18.00.00;18;2.1;124
31/03/2005;19.00.00;19;2.1;136
31/03/2005;20.00.00;20;1.5;118
31/03/2005;21.00.00;21;1.0;93
31/03/2005;22.00.00;22;0.8;72
31/03/2005;23.00.00;23;0.8;69
01/04/2005;18.00.00;18;1.6;154
01/04/2005;19.00.00;19;2.2;160
01/04/2005;20.00.00;20;1.4;134
01/04/2005;21.00.00;21;0.9;110
01/04/2005;22.00.00;22;0.8;99
01/04/2005;23.00.00;23;1.1;127
02/04/2005;18.00.00;18;1.1;117
02/04/2005;19.00.00;19;1.2;124
02/04/2005;20.00.00;20;1.1;122
02/04/2005;21.00.00;21;0.8;87
02/04/2005;22.00.00;22;0.7;79
02/04/2005;23.00.00;23;0.7;93
03/04/2005;18.00.00;18;1.2;138
03/04/2005;19.00.00;19;2.7;181
03/04/2005;20.00.00;20;2.5;187
03/04/2005;21.00.00;21;1.5;158
03/04/2005;22.00.00;22;1.6;153
03/04/2005;23.00.00;23;1.2;128
